Workbook

Sheet Data_Matrix
A1: Time | B1: ROI1 | C1: ROI2 | D1: ROI3 | E1: ROI4 | F1: ROI5 | G1: ROI6 | H1: ROI7
A2: 0.40699074 | B2: 225.33325 | C2: 232.71642 | D2: 182.48871 | E2: 286.57322 | F2: 277.00135 | H2: 275.53156
A3: 0.41550926 | F3: 305.7491 | G3: 248.77633 | H3: 285.32749
A4: 0.41690972 | B4: 251.86393 | C4: 303.68099 | D4: 179.0768 | F4: 289.53742 | G4: 334.04575 | H4: 280.73595
A5: 0.4169213 | B5: 253.14318 | C5: 290.70686 | D5: 182.93009 | F5: 311.42382 | G5: 341.94384
A6: 0.41693287 | B6: 260.66469 | C6: 291.35152 | D6: 208.95301 | F6: 271.4288 | H6: 254.00268
A7: 0.41694444 | C7: 220.19371 | D7: 179.56721 | F7: 360.42742 | G7: 379.2524
A8: 0.41695602 | D8: 196.62579 | F8: 367.71625 | G8: 387.85152
A9: 0.41696759 | C9: 261.44114 | F9: 359.78061 | G9: 333.16675
A10: 0.41699074 | B10: 193.49812 | C10: 262.10714 | F10: 311.97373
A11: 0.41700231 | C11: 284.73311 | F11: 306.98999
A12: 0.41702546 | B12: 257.20163 | C12: 277.36393 | F12: 304.34935 | G12: 354.36517
A13: 0.41976852 | B13: 333.1879 | C13: 345.63748 | D13: 254.85074 | E13: 331.54912 | F13: 340.81966 | H13: 429.62567
A14: 0.41978009 | B14: 289.87584 | C14: 334.88742 | D14: 200.73531 | E14: 303.05223 | F14: 332.84588 | G14: 430.11621 | H14: 427.62023
A15: 0.41979167 | B15: 299.12922 | C15: 335.9281 | D15: 198.78138 | E15: 294.75708 | F15: 348.44477 | G15: 433.50857 | H15: 422.91165
A16: 0.41980324 | C16: 340.99883 | H16: 405.15188
A17: 0.41981481 | C17: 334.22651 | F17: 309.62907 | G17: 442.31007 | H17: 386.02452
A18: 0.41983796 | C18: 333.11061
A19: 0.41984954 | C19: 342.64678
A20: 0.41986111 | B20: 330.76577 | C20: 331.53421 | D20: 218.72704 | E20: 326.07129
A21: 0.41987269 | B21: 324.15881 | C21: 344.88562 | D21: 216.10759 | E21: 330.36944 | H21: 334.77241
A22: 0.41989583 | B22: 324.43146 | C22: 322.50881 | H22: 363.08533
A23: 0.41990741 | B23: 325.08346 | C23: 322.37367 | D23: 202.9186 | E23: 329.18737 | F23: 307.47509 | H23: 347.39086
A24: 0.41991898 | B24: 318.89795 | C24: 322.17976 | D24: 207.89849 | E24: 330.52079 | F24: 311.57557 | G24: 452.7383 | H24: 368.17393
A25: 0.41993056 | B25: 317.62928 | C25: 313.89274
A26: 0.41994213 | B26: 360.98468 | C26: 348.76075 | D26: 233.85886 | E26: 363.71068
A27: 0.4199537 | B27: 317.50219 | C27: 329.40713 | E27: 333.73396 | H27: 347.00754
A28: 0.41996528 | B28: 334.96613 | C28: 327.2959 | E28: 334.74395
A29: 0.41997685 | B29: 342.43745 | C29: 330.12176 | D29: 191.05478 | E29: 339.43942 | F29: 351.76129 | G29: 430.56261 | H29: 354.45719
A30: 0.41998843 | B30: 340.09466 | C30: 328.91032 | D30: 185.24536 | E30: 337.1319 | F30: 350.23479 | G30: 426.54358 | H30: 344.4645
A31: 0.42 | B31: 337.41801 | C31: 324.56831 | D31: 179.8082 | E31: 337.32474 | F31: 347.46697 | G31: 421.05143 | H31: 330.22653
A32: 0.42001157 | B32: 344.51896 | C32: 325.23702 | D32: 186.23392 | E32: 340.13072 | F32: 356.93366 | G32: 414.0921 | H32: 345.24399
A33: 0.42002315 | B33: 344.19507 | C33: 338.82899 | D33: 216.28451 | E33: 353.91099 | F33: 362.05001 | G33: 433.10695 | H33: 425.335
A34: 0.42003472 | B34: 330.43076 | C34: 326.3566 | D34: 215.85154 | E34: 322.83415 | F34: 329.46405 | G34: 441.73807 | H34: 436.07358
A35: 0.4200463 | B35: 320.62822 | C35: 333.53553 | D35: 209.33095 | E35: 333.3395 | F35: 316.77853 | G35: 457.60189 | H35: 391.34138
A36: 0.42005787 | B36: 339.99598 | C36: 332.33157 | D36: 202.97747 | E36: 344.94476 | F36: 335.51353 | G36: 431.31615 | H36: 376.86761
A37: 0.42006944 | B37: 336.79356 | C37: 328.22235 | D37: 193.98259 | E37: 343.656 | F37: 331.21769 | G37: 428.26384 | H37: 368.66815
A38: 0.42008102 | B38: 338.15096 | C38: 326.82399 | D38: 196.56633 | E38: 342.07672 | F38: 333.88514 | G38: 432.11906 | H38: 368.72815
A39: 0.42009259 | B39: 349.86495 | C39: 336.4404 | D39: 214.85258 | E39: 351.43272 | F39: 350.58842 | G39: 454.06272 | H39: 421.89439
A40: 0.42010417 | B40: 349.63506 | C40: 334.61819 | D40: 208.76446 | E40: 348.21796 | F40: 338.12761 | G40: 440.4345 | H40: 377.57906
... A44: 0.42015046 | B44: 341.58313 | C44: 331.60905 | D44: 205.53841 | E44: 344.5048 | F44: 331.14923 | G44: 447.17681 | H44: 361.5741
A45: 0.42119213 | B45: 385.23092 | C45: 430.40595 | D45: 265.53563 | E45: 542.67657 | G45: 522.15221
A46: 0.4212037 | C46: 428.73936 | D46: 269.37125 | E46: 515.92799 | G46: 529.34886
A47: 0.42121528 | C47: 435.9746 | E47: 525.10134 | G47: 545.12854
A48: 0.42122685 | C48: 435.68446 | E48: 553.96292 | H48: 322.00829
A49: 0.42123843 | C49: 436.95353 | D49: 236.01346 | E49: 536.81968 | G49: 483.91082
A50: 0.42125 | C50: 412.54833 | D50: 248.53094
A51: 0.42126157 | C51: 423.67391
A52: 0.42127315 | C52: 431.41437 | E52: 508.54724 | G52: 537.51202
A53: 0.4212963 | B53: 356.20493 | C53: 442.05782 | D53: 253.91315 | E53: 509.49839 | F53: 371.12395 | G53: 497.63575 | H53: 416.66446
A54: 0.42262731 | B54: 378.48165 | C54: 406.01721 | D54: 275.21058 | E54: 476.43172 | F54: 372.81472 | G54: 547.20633 | H54: 444.78196
A55: 0.42263889 | B55: 376.82875 | C55: 429.57453 | D55: 286.28064 | E55: 508.27808 | F55: 380.1835 | G55: 587.75591 | H55: 526.12397
A56: 0.42265046 | B56: 345.01587 | C56: 421.22512 | D56: 275.34362 | E56: 493.5543 | F56: 364.71849 | G56: 527.66247 | H56: 536.20952
A57: 0.42266204 | B57: 373.72169
A58: 0.42267361 | B58: 378.47411 | C58: 403.67086 | D58: 253.30948 | E58: 499.55577 | F58: 365.74515 | G58: 550.74633 | H58: 485.38875
A59: 0.42269676 | B59: 377.2514 | C59: 406.47213 | D59: 252.93969 | E59: 508.69155 | F59: 364.13577 | G59: 550.92742 | H59: 481.98059
A60: 0.42270833 | B60: 378.05394 | C60: 408.30337 | D60: 254.10062 | E60: 502.47 | F60: 365.66051 | G60: 553.15886 | H60: 482.90332
A61: 0.42271991 | H61: 507.2763
A62: 0.42273148 | H62: 534.34441
A63: 0.42275463 | B63: 373.97147 | C63: 396.4921 | D63: 255.60552 | E63: 502.17652 | F63: 365.1803 | G63: 546.12118 | H63: 485.90389
A64: 0.4227662 | B64: 381.20027 | C64: 403.22061 | D64: 268.05994 | E64: 510.95262 | G64: 551.85636
A65: 0.42277778 | B65: 382.24019 | C65: 404.02725 | D65: 273.36109 | E65: 502.79133 | G65: 536.31261
A66: 0.42278935 | C66: 434.32222
A67: 0.42280093 | C67: 410.37903 | E67: 466.42418
A68: 0.4228125 | C68: 402.10947 | E68: 442.37819
A69: 0.42282407 | C69: 386.62388 | E69: 447.28916
A70: 0.42283565 | B70: 330.63831 | C70: 369.38593 | E70: 458.00184
A71: 0.42284722 | B71: 346.35789 | C71: 368.97554 | E71: 443.57762
A72: 0.4228588 | C72: 434.0812
A73: 0.42289352 | C73: 438.19082
A74: 0.42295139 | C74: 375.79128
A75: 0.42296296 | C75: 395.57412 | H75: 530.2001
A76: 0.42297454 | C76: 386.66136 | H76: 498.96541
A77: 0.42298611 | C77: 374.07937
A78: 0.42415509 | C78: 377.71247 | H78: 414.6499
A79: 0.42416667 | C79: 361.18607 | G79: 372.82789 | H79: 402.79034
A80: 0.42417824 | C80: 367.5263 | H80: 377.90513
A81: 0.42423611 | B81: 396.5343 | C81: 388.16646
A82: 0.42424769 | B82: 372.30167 | C82: 367.41682 | F82: 345.76373 | H82: 434.63606
A83: 0.42425926 | B83: 328.5616 | C83: 371.10164 | F83: 379.83007 | H83: 444.58901
A84: 0.42427083 | B84: 318.07618 | C84: 370.82368 | F84: 402.06497 | H84: 450.72158
A85: 0.42428241 | B85: 305.22987 | C85: 365.77318 | F85: 381.90279 | G85: 294.24305 | H85: 454.92773
A86: 0.42429398 | B86: 309.38147 | C86: 353.31985 | F86: 399.03322 | G86: 312.16815 | H86: 457.14635
A87: 0.42430556 | C87: 354.08819 | F87: 397.34774 | H87: 457.04614
A88: 0.42431713 | B88: 362.82763 | C88: 356.0105 | F88: 373.64611 | G88: 285.83448 | H88: 462.81418
A89: 0.4243287 | B89: 385.16142 | C89: 350.62723
A90: 0.42434028 | B90: 369.29812 | C90: 339.97124 | E90: 324.96901 | G90: 337.90228
A91: 0.42435185 | B91: 363.77627 | C91: 332.32007 | E91: 326.80691
A92: 0.42436343 | C92: 363.20471
A93: 0.42439815 | G93: 415.21752
A94: 0.42440972 | C94: 394.69702
A95: 0.42443287 | B95: 362.56281 | C95: 379.89896
A96: 0.42444444 | B96: 372.95267 | C96: 370.37754
A97: 0.42445602 | B97: 367.14851 | C97: 361.78466
A98: 0.42446759 | B98: 371.07778 | C98: 349.63444 | E98: 323.11541 | F98: 245.88096
A99: 0.42559028 | C99: 297.19657
A100: 0.42560185 | C100: 317.16019 | F100: 358.374 | G100: 446.03605
A101: 0.42561343 | C101: 318.57896
A102: 0.42565972 | B102: 261.7634 | C102: 258.6255 | F102: 316.26571 | H102: 369.57851
A103: 0.4256713 | C103: 246.40619
...

Sheet Data_Long_Form
A1: ROI Name | B1: Day and Time | C1: Surgery Time (hours:minutes:seconds) | D1: Blood Flow (1/K^2)
A2: ROI7 | B2: 2025-09-04 09:46:04.000 | C2: =+TIME(HOUR(B2),MINUTE(B2),SECOND(B2)) -> 0.40699074 | D2: 225.33325
A3: ROI7 | B3: 2025-09-04 10:00:21.000 | C3: =+TIME(HOUR(B3),MINUTE(B3),SECOND(B3)) -> 0.41690972 | D3: 251.86393
A4: ROI7 | B4: 2025-09-04 10:00:22.000 | C4: =+TIME(HOUR(B4),MINUTE(B4),SECOND(B4)) -> 0.4169213 | D4: 253.14318
A5: ROI7 | B5: 2025-09-04 10:00:23.000 | C5: =+TIME(HOUR(B5),MINUTE(B5),SECOND(B5)) -> 0.41693287 | D5: 260.66469
A6: ROI7 | B6: 2025-09-04 10:00:28.000 | C6: =+TIME(HOUR(B6),MINUTE(B6),SECOND(B6)) -> 0.41699074 | D6: 193.49812
A7: ROI7 | B7: 2025-09-04 10:00:31.000 | C7: =+TIME(HOUR(B7),MINUTE(B7),SECOND(B7)) -> 0.41702546 | D7: 257.20163
A8: ROI7 | B8: 2025-09-04 10:04:28.000 | C8: =+TIME(HOUR(B8),MINUTE(B8),SECOND(B8)) -> 0.41976852 | D8: 333.1879
A9: ROI7 | B9: 2025-09-04 10:04:29.000 | C9: =+TIME(HOUR(B9),MINUTE(B9),SECOND(B9)) -> 0.41978009 | D9: 289.87584
A10: ROI7 | B10: 2025-09-04 10:04:30.000 | C10: =+TIME(HOUR(B10),MINUTE(B10),SECOND(B10)) -> 0.41979167 | D10: 299.12922
A11: ROI7 | B11: 2025-09-04 10:04:36.000 | C11: =+TIME(HOUR(B11),MINUTE(B11),SECOND(B11)) -> 0.41986111 | D11: 330.76577
A12: ROI7 | B12: 2025-09-04 10:04:37.000 | C12: =+TIME(HOUR(B12),MINUTE(B12),SECOND(B12)) -> 0.41987269 | D12: 324.15881
A13: ROI7 | B13: 2025-09-04 10:04:39.000 | C13: =+TIME(HOUR(B13),MINUTE(B13),SECOND(B13)) -> 0.41989583 | D13: 324.43146
... A603: ROI13 | B603: 2025-09-04 10:35:59.000 | C603: =+TIME(HOUR(B603),MINUTE(B603),SECOND(B603)) -> 0.44165509 | D603: 492.6718

Sheet Data_Pivot_Table
A3: Count of ROI Name | B3: Column Labels
A4: Row Labels | B4: ROI10 | C4: ROI11 | D4: ROI12 | E4: ROI13 | F4: ROI7 | G4: ROI8 | H4: ROI9 | I4: Grand Total | K4: Row Labels | L4: ROI7 | M4: ROI8 | N4: ROI9 | O4: ROI10 | P4: ROI11 | Q4: ROI12 | R4: ROI13 | S4: Grand Total | W4: ROI7 | X4: ROI8 | Y4: ROI9 | Z4: ROI10 | AA4: ROI11 | AB4: ROI12 | AC4: ROI13
A5: 0.40699074 | B5: 1 | C5: 1 | E5: 1 | F5: 1 | G5: 1 | H5: 1 | I5: 6 | K5: 0.40699074 | L5: 1 | M5: 1 | N5: 1 | O5: 1 | P5: 1 | R5: 1 | S5: 6 | V5: 0.40699074 | W5: =+IF(SUMIFS(Data_Long_Form!$D:$D,Data_Long_Form!$C:$C,Data_Pivot_Table!$V5,Data_Long_Form!$A:$A,Data_Pivot_Table!W$4)=0,"",SUMIFS(Data_Long_Form!$D:$D,Data_Long_Form!$C:$C,Data_Pivot_Table!$V5,Data_Long_Form!$A:$A,Data_Pivot_Table!W$4)) -> 225.33325 | X5: =+IF(SUMIFS(Data_Long_Form!$D:$D,Data_Long_Form!$C:$C,Data_Pivot_Table!$V5,Data_Long_Form!$A:$A,Data_Pivot_Table!X$4)=0,"",SUMIFS(Data_Long_Form!$D:$D,Data_Long_Form!$C:$C,Data_Pivot_Table!$V5,Data_Long_Form!$A:$A,Data_Pivot_Table!X$4)) -> 232.71642 | Y5: =+IF(SUMIFS(Data_Long_Form!$D:$D,Data_Long_Form!$C:$C,Data_Pivot_Table!$V5,Data_Long_Form!$A:$A,Data_Pivot_Table!Y$4)=0,"",SUMIFS(Data_Long_Form!$D:$D,Data_Long_Form!$C:$C,Data_Pivot_Table!$V5,Data_Long_Form!$A:$A,Data_Pivot_Table!Y$4)) -> 182.48871 | Z5: =+IF(SUMIFS(Data_Long_Form!$D:$D,Data_Long_Form!$C:$C,Data_Pivot_Table!$V5,Data_Long_Form!$A:$A,Data_Pivot_Table!Z$4)=0,"",SUMIFS(Data_Long_Form!$D:$D,Data_Long_Form!$C:$C,Data_Pivot_Table!$V5,Data_Long_Form!$A:$A,Data_Pivot_Table!Z$4)) -> 286.57322 | AA5: =+IF(SUMIFS(Data_Long_Form!$D:$D,Data_Long_Form!$C:$C,Data_Pivot_Table!$V5,Data_Long_Form!$A:$A,Data_Pivot_Table!AA$4)=0,"",SUMIFS(Data_Long_Form!$D:$D,Data_Long_Form!$C:$C,Data_Pivot_Table!$V5,Data_Long_Form!$A:$A,Data_Pivot_Table!AA$4)) -> 277.00135 | AB5: =+IF(SUMIFS(Data_Long_Form!$D:$D,Data_Long_Form!$C:$C,Data_Pivot_Table!$V5,Data_Long_Form!$A:$A,Data_Pivot_Table!AB$4)=0,"",SUMIFS(Data_Long_Form!$D:$D,Data_Long_Form!$C:$C,Data_Pivot_Table!$V5,Data_Long_Form!$A:$A,Data_Pivot_Table!AB$4)) | AC5: =+IF(SUMIFS(Data_Long_Form!$D:$D,Data_Long_Form!$C:$C,Data_Pivot_Table!$V5,Data_Long_Form!$A:$A,Data_Pivot_Table!AC$4)=0,"",SUMIFS(Data_Long_Form!$D:$D,Data_Long_Form!$C:$C,Data_Pivot_Table!$V5,Data_Long_Form!$A:$A,Data_Pivot_Table!AC$4)) -> 275.53156
A6: 0.41550926 | C6: 1 | D6: 1 | E6: 1 | I6: 3 | K6: 0.41550926 | P6: 1 | Q6: 1 | R6: 1 | S6: 3 | V6: 0.41550926 | W6: =+IF(SUMIFS(Data_Long_Form!$D:$D,Data_Long_Form!$C:$C,Data_Pivot_Table!$V6,Data_Long_Form!$A:$A,Data_Pivot_Table!W$4)=0,"",SUMIFS(Data_Long_Form!$D:$D,Data_Long_Form!$C:$C,Data_Pivot_Table!$V6,Data_Long_Form!$A:$A,Data_Pivot_Table!W$4)) | X6: =+IF(SUMIFS(Data_Long_Form!$D:$D,Data_Long_Form!$C:$C,Data_Pivot_Table!$V6,Data_Long_Form!$A:$A,Data_Pivot_Table!X$4)=0,"",SUMIFS(Data_Long_Form!$D:$D,Data_Long_Form!$C:$C,Data_Pivot_Table!$V6,Data_Long_Form!$A:$A,Data_Pivot_Table!X$4)) | Y6: =+IF(SUMIFS(Data_Long_Form!$D:$D,Data_Long_Form!$C:$C,Data_Pivot_Table!$V6,Data_Long_Form!$A:$A,Data_Pivot_Table!Y$4)=0,"",SUMIFS(Data_Long_Form!$D:$D,Data_Long_Form!$C:$C,Data_Pivot_Table!$V6,Data_Long_Form!$A:$A,Data_Pivot_Table!Y$4)) | Z6: =+IF(SUMIFS(Data_Long_Form!$D:$D,Data_Long_Form!$C:$C,Data_Pivot_Table!$V6,Data_Long_Form!$A:$A,Data_Pivot_Table!Z$4)=0,"",SUMIFS(Data_Long_Form!$D:$D,Data_Long_Form!$C:$C,Data_Pivot_Table!$V6,Data_Long_Form!$A:$A,Data_Pivot_Table!Z$4)) | AA6: =+IF(SUMIFS(Data_Long_Form!$D:$D,Data_Long_Form!$C:$C,Data_Pivot_Table!$V6,Data_Long_Form!$A:$A,Data_Pivot_Table!AA$4)=0,"",SUMIFS(Data_Long_Form!$D:$D,Data_Long_Form!$C:$C,Data_Pivot_Table!$V6,Data_Long_Form!$A:$A,Data_Pivot_Table!AA$4)) -> 305.7491 | AB6: =+IF(SUMIFS(Data_Long_Form!$D:$D,Data_Long_Form!$C:$C,Data_Pivot_Table!$V6,Data_Long_Form!$A:$A,Data_Pivot_Table!AB$4)=0,"",SUMIFS(Data_Long_Form!$D:$D,Data_Long_Form!$C:$C,Data_Pivot_Table!$V6,Data_Long_Form!$A:$A,Data_Pivot_Table!AB$4)) -> 248.77633 | AC6: =+IF(SUMIFS(Data_Long_Form!$D:$D,Data_Long_Form!$C:$C,Data_Pivot_Table!$V6,Data_Long_Form!$A:$A,Data_Pivot_Table!AC$4)=0,"",SUMIFS(Data_Long_Form!$D:$D,Data_Long_Form!$C:$C,Data_Pivot_Table!$V6,Data_Long_Form!$A:$A,Data_Pivot_Table!AC$4)) -> 285.32749
A7: 0.41690972 | C7: 1 | D7: 1 | E7: 1 | F7: 1 | G7: 1 | H7: 1 | I7: 6 | K7: 0.41690972 | L7: 1 | M7: 1 | N7: 1 | P7: 1 | Q7: 1 | R7: 1 | S7: 6 | V7: 0.41690972 | W7: =+IF(SUMIFS(Data_Long_Form!$D:$D,Data_Long_Form!$C:$C,Data_Pivot_Table!$V7,Data_Long_Form!$A:$A,Data_Pivot_Table!W$4)=0,"",SUMIFS(Data_Long_Form!$D:$D,Data_Long_Form!$C:$C,Data_Pivot_Table!$V7,Data_Long_Form!$A:$A,Data_Pivot_Table!W$4)) -> 251.86393 | X7: =+IF(SUMIFS(Data_Long_Form!$D:$D,Data_Long_Form!$C:$C,Data_Pivot_Table!$V7,Data_Long_Form!$A:$A,Data_Pivot_Table!X$4)=0,"",SUMIFS(Data_Long_Form!$D:$D,Data_Long_Form!$C:$C,Data_Pivot_Table!$V7,Data_Long_Form!$A:$A,Data_Pivot_Table!X$4)) -> 303.68099 | Y7: =+IF(SUMIFS(Data_Long_Form!$D:$D,Data_Long_Form!$C:$C,Data_Pivot_Table!$V7,Data_Long_Form!$A:$A,Data_Pivot_Table!Y$4)=0,"",SUMIFS(Data_Long_Form!$D:$D,Data_Long_Form!$C:$C,Data_Pivot_Table!$V7,Data_Long_Form!$A:$A,Data_Pivot_Table!Y$4)) -> 179.0768 | Z7: =+IF(SUMIFS(Data_Long_Form!$D:$D,Data_Long_Form!$C:$C,Data_Pivot_Table!$V7,Data_Long_Form!$A:$A,Data_Pivot_Table!Z$4)=0,"",SUMIFS(Data_Long_Form!$D:$D,Data_Long_Form!$C:$C,Data_Pivot_Table!$V7,Data_Long_Form!$A:$A,Data_Pivot_Table!Z$4)) | AA7: =+IF(SUMIFS(Data_Long_Form!$D:$D,Data_Long_Form!$C:$C,Data_Pivot_Table!$V7,Data_Long_Form!$A:$A,Data_Pivot_Table!AA$4)=0,"",SUMIFS(Data_Long_Form!$D:$D,Data_Long_Form!$C:$C,Data_Pivot_Table!$V7,Data_Long_Form!$A:$A,Data_Pivot_Table!AA$4)) -> 289.53742 | AB7: =+IF(SUMIFS(Data_Long_Form!$D:$D,Data_Long_Form!$C:$C,Data_Pivot_Table!$V7,Data_Long_Form!$A:$A,Data_Pivot_Table!AB$4)=0,"",SUMIFS(Data_Long_Form!$D:$D,Data_Long_Form!$C:$C,Data_Pivot_Table!$V7,Data_Long_Form!$A:$A,Data_Pivot_Table!AB$4)) -> 334.04575 | AC7: =+IF(SUMIFS(Data_Long_Form!$D:$D,Data_Long_Form!$C:$C,Data_Pivot_Table!$V7,Data_Long_Form!$A:$A,Data_Pivot_Table!AC$4)=0,"",SUMIFS(Data_Long_Form!$D:$D,Data_Long_Form!$C:$C,Data_Pivot_Table!$V7,Data_Long_Form!$A:$A,Data_Pivot_Table!AC$4)) -> 280.73595
A8: 0.4169213 | C8: 1 | D8: 1 | F8: 1 | G8: 1 | H8: 1 | I8: 5 | K8: 0.4169213 | L8: 1 | M8: 1 | N8: 1 | P8: 1 | Q8: 1 | S8: 5 | V8: 0.4169213 | W8: =+IF(SUMIFS(Data_Long_Form!$D:$D,Data_Long_Form!$C:$C,Data_Pivot_Table!$V8,Data_Long_Form!$A:$A,Data_Pivot_Table!W$4)=0,"",SUMIFS(Data_Long_Form!$D:$D,Data_Long_Form!$C:$C,Data_Pivot_Table!$V8,Data_Long_Form!$A:$A,Data_Pivot_Table!W$4)) -> 253.14318 | X8: =+IF(SUMIFS(Data_Long_Form!$D:$D,Data_Long_Form!$C:$C,Data_Pivot_Table!$V8,Data_Long_Form!$A:$A,Data_Pivot_Table!X$4)=0,"",SUMIFS(Data_Long_Form!$D:$D,Data_Long_Form!$C:$C,Data_Pivot_Table!$V8,Data_Long_Form!$A:$A,Data_Pivot_Table!X$4)) -> 290.70686 | Y8: =+IF(SUMIFS(Data_Long_Form!$D:$D,Data_Long_Form!$C:$C,Data_Pivot_Table!$V8,Data_Long_Form!$A:$A,Data_Pivot_Table!Y$4)=0,"",SUMIFS(Data_Long_Form!$D:$D,Data_Long_Form!$C:$C,Data_Pivot_Table!$V8,Data_Long_Form!$A:$A,Data_Pivot_Table!Y$4)) -> 182.93009 | Z8: =+IF(SUMIFS(Data_Long_Form!$D:$D,Data_Long_Form!$C:$C,Data_Pivot_Table!$V8,Data_Long_Form!$A:$A,Data_Pivot_Table!Z$4)=0,"",SUMIFS(Data_Long_Form!$D:$D,Data_Long_Form!$C:$C,Data_Pivot_Table!$V8,Data_Long_Form!$A:$A,Data_Pivot_Table!Z$4)) | AA8: =+IF(SUMIFS(Data_Long_Form!$D:$D,Data_Long_Form!$C:$C,Data_Pivot_Table!$V8,Data_Long_Form!$A:$A,Data_Pivot_Table!AA$4)=0,"",SUMIFS(Data_Long_Form!$D:$D,Data_Long_Form!$C:$C,Data_Pivot_Table!$V8,Data_Long_Form!$A:$A,Data_Pivot_Table!AA$4)) -> 311.42382 | AB8: =+IF(SUMIFS(Data_Long_Form!$D:$D,Data_Long_Form!$C:$C,Data_Pivot_Table!$V8,Data_Long_Form!$A:$A,Data_Pivot_Table!AB$4)=0,"",SUMIFS(Data_Long_Form!$D:$D,Data_Long_Form!$C:$C,Data_Pivot_Table!$V8,Data_Long_Form!$A:$A,Data_Pivot_Table!AB$4)) -> 341.94384 | AC8: =+IF(SUMIFS(Data_Long_Form!$D:$D,Data_Long_Form!$C:$C,Data_Pivot_Table!$V8,Data_Long_Form!$A:$A,Data_Pivot_Table!AC$4)=0,"",SUMIFS(Data_Long_Form!$D:$D,Data_Long_Form!$C:$C,Data_Pivot_Table!$V8,Data_Long_Form!$A:$A,Data_Pivot_Table!AC$4))
A9: 0.41693287 | C9: 1 | E9: 1 | F9: 1 | G9: 1 | H9: 1 | I9: 5 | K9: 0.41693287 | L9: 1 | M9: 1 | N9: 1 | P9: 1 | R9: 1 | S9: 5 | V9: 0.41693287 | W9: =+IF(SUMIFS(Data_Long_Form!$D:$D,Data_Long_Form!$C:$C,Data_Pivot_Table!$V9,Data_Long_Form!$A:$A,Data_Pivot_Table!W$4)=0,"",SUMIFS(Data_Long_Form!$D:$D,Data_Long_Form!$C:$C,Data_Pivot_Table!$V9,Data_Long_Form!$A:$A,Data_Pivot_Table!W$4)) -> 260.66469 | X9: =+IF(SUMIFS(Data_Long_Form!$D:$D,Data_Long_Form!$C:$C,Data_Pivot_Table!$V9,Data_Long_Form!$A:$A,Data_Pivot_Table!X$4)=0,"",SUMIFS(Data_Long_Form!$D:$D,Data_Long_Form!$C:$C,Data_Pivot_Table!$V9,Data_Long_Form!$A:$A,Data_Pivot_Table!X$4)) -> 291.35152 | Y9: =+IF(SUMIFS(Data_Long_Form!$D:$D,Data_Long_Form!$C:$C,Data_Pivot_Table!$V9,Data_Long_Form!$A:$A,Data_Pivot_Table!Y$4)=0,"",SUMIFS(Data_Long_Form!$D:$D,Data_Long_Form!$C:$C,Data_Pivot_Table!$V9,Data_Long_Form!$A:$A,Data_Pivot_Table!Y$4)) -> 208.95301 | Z9: =+IF(SUMIFS(Data_Long_Form!$D:$D,Data_Long_Form!$C:$C,Data_Pivot_Table!$V9,Data_Long_Form!$A:$A,Data_Pivot_Table!Z$4)=0,"",SUMIFS(Data_Long_Form!$D:$D,Data_Long_Form!$C:$C,Data_Pivot_Table!$V9,Data_Long_Form!$A:$A,Data_Pivot_Table!Z$4)) | AA9: =+IF(SUMIFS(Data_Long_Form!$D:$D,Data_Long_Form!$C:$C,Data_Pivot_Table!$V9,Data_Long_Form!$A:$A,Data_Pivot_Table!AA$4)=0,"",SUMIFS(Data_Long_Form!$D:$D,Data_Long_Form!$C:$C,Data_Pivot_Table!$V9,Data_Long_Form!$A:$A,Data_Pivot_Table!AA$4)) -> 271.4288 | AB9: =+IF(SUMIFS(Data_Long_Form!$D:$D,Data_Long_Form!$C:$C,Data_Pivot_Table!$V9,Data_Long_Form!$A:$A,Data_Pivot_Table!AB$4)=0,"",SUMIFS(Data_Long_Form!$D:$D,Data_Long_Form!$C:$C,Data_Pivot_Table!$V9,Data_Long_Form!$A:$A,Data_Pivot_Table!AB$4)) | AC9: =+IF(SUMIFS(Data_Long_Form!$D:$D,Data_Long_Form!$C:$C,Data_Pivot_Table!$V9,Data_Long_Form!$A:$A,Data_Pivot_Table!AC$4)=0,"",SUMIFS(Data_Long_Form!$D:$D,Data_Long_Form!$C:$C,Data_Pivot_Table!$V9,Data_Long_Form!$A:$A,Data_Pivot_Table!AC$4)) -> 254.00268
A10: 0.41694444 | C10: 1 | D10: 1 | G10: 1 | H10: 1 | I10: 4 | K10: 0.41694444 | M10: 1 | N10: 1 | P10: 1 | Q10: 1 | S10: 4 | V10: 0.41694444 | W10: =+IF(SUMIFS(Data_Long_Form!$D:$D,Data_Long_Form!$C:$C,Data_Pivot_Table!$V10,Data_Long_Form!$A:$A,Data_Pivot_Table!W$4)=0,"",SUMIFS(Data_Long_Form!$D:$D,Data_Long_Form!$C:$C,Data_Pivot_Table!$V10,Data_Long_Form!$A:$A,Data_Pivot_Table!W$4)) | X10: =+IF(SUMIFS(Data_Long_Form!$D:$D,Data_Long_Form!$C:$C,Data_Pivot_Table!$V10,Data_Long_Form!$A:$A,Data_Pivot_Table!X$4)=0,"",SUMIFS(Data_Long_Form!$D:$D,Data_Long_Form!$C:$C,Data_Pivot_Table!$V10,Data_Long_Form!$A:$A,Data_Pivot_Table!X$4)) -> 220.19371 | Y10: =+IF(SUMIFS(Data_Long_Form!$D:$D,Data_Long_Form!$C:$C,Data_Pivot_Table!$V10,Data_Long_Form!$A:$A,Data_Pivot_Table!Y$4)=0,"",SUMIFS(Data_Long_Form!$D:$D,Data_Long_Form!$C:$C,Data_Pivot_Table!$V10,Data_Long_Form!$A:$A,Data_Pivot_Table!Y$4)) -> 179.56721 | Z10: =+IF(SUMIFS(Data_Long_Form!$D:$D,Data_Long_Form!$C:$C,Data_Pivot_Table!$V10,Data_Long_Form!$A:$A,Data_Pivot_Table!Z$4)=0,"",SUMIFS(Data_Long_Form!$D:$D,Data_Long_Form!$C:$C,Data_Pivot_Table!$V10,Data_Long_Form!$A:$A,Data_Pivot_Table!Z$4)) | AA10: =+IF(SUMIFS(Data_Long_Form!$D:$D,Data_Long_Form!$C:$C,Data_Pivot_Table!$V10,Data_Long_Form!$A:$A,Data_Pivot_Table!AA$4)=0,"",SUMIFS(Data_Long_Form!$D:$D,Data_Long_Form!$C:$C,Data_Pivot_Table!$V10,Data_Long_Form!$A:$A,Data_Pivot_Table!AA$4)) -> 360.42742 | AB10: =+IF(SUMIFS(Data_Long_Form!$D:$D,Data_Long_Form!$C:$C,Data_Pivot_Table!$V10,Data_Long_Form!$A:$A,Data_Pivot_Table!AB$4)=0,"",SUMIFS(Data_Long_Form!$D:$D,Data_Long_Form!$C:$C,Data_Pivot_Table!$V10,Data_Long_Form!$A:$A,Data_Pivot_Table!AB$4)) -> 379.2524 | AC10: =+IF(SUMIFS(Data_Long_Form!$D:$D,Data_Long_Form!$C:$C,Data_Pivot_Table!$V10,Data_Long_Form!$A:$A,Data_Pivot_Table!AC$4)=0,"",SUMIFS(Data_Long_Form!$D:$D,Data_Long_Form!$C:$C,Data_Pivot_Table!$V10,Data_Long_Form!$A:$A,Data_Pivot_Table!AC$4))
A11: 0.41695602 | C11: 1 | D11: 1 | H11: 1 | I11: 3 | K11: 0.41695602 | N11: 1 | P11: 1 | Q11: 1 | S11: 3 | V11: 0.41695602 | W11: =+IF(SUMIFS(Data_Long_Form!$D:$D,Data_Long_Form!$C:$C,Data_Pivot_Table!$V11,Data_Long_Form!$A:$A,Data_Pivot_Table!W$4)=0,"",SUMIFS(Data_Long_Form!$D:$D,Data_Long_Form!$C:$C,Data_Pivot_Table!$V11,Data_Long_Form!$A:$A,Data_Pivot_Table!W$4)) | X11: =+IF(SUMIFS(Data_Long_Form!$D:$D,Data_Long_Form!$C:$C,Data_Pivot_Table!$V11,Data_Long_Form!$A:$A,Data_Pivot_Table!X$4)=0,"",SUMIFS(Data_Long_Form!$D:$D,Data_Long_Form!$C:$C,Data_Pivot_Table!$V11,Data_Long_Form!$A:$A,Data_Pivot_Table!X$4)) | Y11: =+IF(SUMIFS(Data_Long_Form!$D:$D,Data_Long_Form!$C:$C,Data_Pivot_Table!$V11,Data_Long_Form!$A:$A,Data_Pivot_Table!Y$4)=0,"",SUMIFS(Data_Long_Form!$D:$D,Data_Long_Form!$C:$C,Data_Pivot_Table!$V11,Data_Long_Form!$A:$A,Data_Pivot_Table!Y$4)) -> 196.62579 | Z11: =+IF(SUMIFS(Data_Long_Form!$D:$D,Data_Long_Form!$C:$C,Data_Pivot_Table!$V11,Data_Long_Form!$A:$A,Data_Pivot_Table!Z$4)=0,"",SUMIFS(Data_Long_Form!$D:$D,Data_Long_Form!$C:$C,Data_Pivot_Table!$V11,Data_Long_Form!$A:$A,Data_Pivot_Table!Z$4)) | AA11: =+IF(SUMIFS(Data_Long_Form!$D:$D,Data_Long_Form!$C:$C,Data_Pivot_Table!$V11,Data_Long_Form!$A:$A,Data_Pivot_Table!AA$4)=0,"",SUMIFS(Data_Long_Form!$D:$D,Data_Long_Form!$C:$C,Data_Pivot_Table!$V11,Data_Long_Form!$A:$A,Data_Pivot_Table!AA$4)) -> 367.71625 | AB11: =+IF(SUMIFS(Data_Long_Form!$D:$D,Data_Long_Form!$C:$C,Data_Pivot_Table!$V11,Data_Long_Form!$A:$A,Data_Pivot_Table!AB$4)=0,"",SUMIFS(Data_Long_Form!$D:$D,Data_Long_Form!$C:$C,Data_Pivot_Table!$V11,Data_Long_Form!$A:$A,Data_Pivot_Table!AB$4)) -> 387.85152 | AC11: =+IF(SUMIFS(Data_Long_Form!$D:$D,Data_Long_Form!$C:$C,Data_Pivot_Table!$V11,Data_Long_Form!$A:$A,Data_Pivot_Table!AC$4)=0,"",SUMIFS(Data_Long_Form!$D:$D,Data_Long_Form!$C:$C,Data_Pivot_Table!$V11,Data_Long_Form!$A:$A,Data_Pivot_Table!AC$4))
A12: 0.41696759 | C12: 1 | D12: 1 | G12: 1 | I12: 3 | K12: 0.41696759 | M12: 1 | P12: 1 | Q12: 1 | S12: 3 | V12: 0.41696759 | W12: =+IF(SUMIFS(Data_Long_Form!$D:$D,Data_Long_Form!$C:$C,Data_Pivot_Table!$V12,Data_Long_Form!$A:$A,Data_Pivot_Table!W$4)=0,"",SUMIFS(Data_Long_Form!$D:$D,Data_Long_Form!$C:$C,Data_Pivot_Table!$V12,Data_Long_Form!$A:$A,Data_Pivot_Table!W$4)) | X12: =+IF(SUMIFS(Data_Long_Form!$D:$D,Data_Long_Form!$C:$C,Data_Pivot_Table!$V12,Data_Long_Form!$A:$A,Data_Pivot_Table!X$4)=0,"",SUMIFS(Data_Long_Form!$D:$D,Data_Long_Form!$C:$C,Data_Pivot_Table!$V12,Data_Long_Form!$A:$A,Data_Pivot_Table!X$4)) -> 261.44114 | Y12: =+IF(SUMIFS(Data_Long_Form!$D:$D,Data_Long_Form!$C:$C,Data_Pivot_Table!$V12,Data_Long_Form!$A:$A,Data_Pivot_Table!Y$4)=0,"",SUMIFS(Data_Long_Form!$D:$D,Data_Long_Form!$C:$C,Data_Pivot_Table!$V12,Data_Long_Form!$A:$A,Data_Pivot_Table!Y$4)) | Z12: =+IF(SUMIFS(Data_Long_Form!$D:$D,Data_Long_Form!$C:$C,Data_Pivot_Table!$V12,Data_Long_Form!$A:$A,Data_Pivot_Table!Z$4)=0,"",SUMIFS(Data_Long_Form!$D:$D,Data_Long_Form!$C:$C,Data_Pivot_Table!$V12,Data_Long_Form!$A:$A,Data_Pivot_Table!Z$4)) | AA12: =+IF(SUMIFS(Data_Long_Form!$D:$D,Data_Long_Form!$C:$C,Data_Pivot_Table!$V12,Data_Long_Form!$A:$A,Data_Pivot_Table!AA$4)=0,"",SUMIFS(Data_Long_Form!$D:$D,Data_Long_Form!$C:$C,Data_Pivot_Table!$V12,Data_Long_Form!$A:$A,Data_Pivot_Table!AA$4)) -> 359.78061 | AB12: =+IF(SUMIFS(Data_Long_Form!$D:$D,Data_Long_Form!$C:$C,Data_Pivot_Table!$V12,Data_Long_Form!$A:$A,Data_Pivot_Table!AB$4)=0,"",SUMIFS(Data_Long_Form!$D:$D,Data_Long_Form!$C:$C,Data_Pivot_Table!$V12,Data_Long_Form!$A:$A,Data_Pivot_Table!AB$4)) -> 333.16675 | AC12: =+IF(SUMIFS(Data_Long_Form!$D:$D,Data_Long_Form!$C:$C,Data_Pivot_Table!$V12,Data_Long_Form!$A:$A,Data_Pivot_Table!AC$4)=0,"",SUMIFS(Data_Long_Form!$D:$D,Data_Long_Form!$C:$C,Data_Pivot_Table!$V12,Data_Long_Form!$A:$A,Data_Pivot_Table!AC$4))
A13: 0.41699074 | C13: 1 | F13: 1 | G13: 1 | I13: 3 | K13: 0.41699074 | L13: 1 | M13: 1 | P13: 1 | S13: 3 | V13: 0.41699074 | W13: =+IF(SUMIFS(Data_Long_Form!$D:$D,Data_Long_Form!$C:$C,Data_Pivot_Table!$V13,Data_Long_Form!$A:$A,Data_Pivot_Table!W$4)=0,"",SUMIFS(Data_Long_Form!$D:$D,Data_Long_Form!$C:$C,Data_Pivot_Table!$V13,Data_Long_Form!$A:$A,Data_Pivot_Table!W$4)) -> 193.49812 | X13: =+IF(SUMIFS(Data_Long_Form!$D:$D,Data_Long_Form!$C:$C,Data_Pivot_Table!$V13,Data_Long_Form!$A:$A,Data_Pivot_Table!X$4)=0,"",SUMIFS(Data_Long_Form!$D:$D,Data_Long_Form!$C:$C,Data_Pivot_Table!$V13,Data_Long_Form!$A:$A,Data_Pivot_Table!X$4)) -> 262.10714 | Y13: =+IF(SUMIFS(Data_Long_Form!$D:$D,Data_Long_Form!$C:$C,Data_Pivot_Table!$V13,Data_Long_Form!$A:$A,Data_Pivot_Table!Y$4)=0,"",SUMIFS(Data_Long_Form!$D:$D,Data_Long_Form!$C:$C,Data_Pivot_Table!$V13,Data_Long_Form!$A:$A,Data_Pivot_Table!Y$4)) | Z13: =+IF(SUMIFS(Data_Long_Form!$D:$D,Data_Long_Form!$C:$C,Data_Pivot_Table!$V13,Data_Long_Form!$A:$A,Data_Pivot_Table!Z$4)=0,"",SUMIFS(Data_Long_Form!$D:$D,Data_Long_Form!$C:$C,Data_Pivot_Table!$V13,Data_Long_Form!$A:$A,Data_Pivot_Table!Z$4)) | AA13: =+IF(SUMIFS(Data_Long_Form!$D:$D,Data_Long_Form!$C:$C,Data_Pivot_Table!$V13,Data_Long_Form!$A:$A,Data_Pivot_Table!AA$4)=0,"",SUMIFS(Data_Long_Form!$D:$D,Data_Long_Form!$C:$C,Data_Pivot_Table!$V13,Data_Long_Form!$A:$A,Data_Pivot_Table!AA$4)) -> 311.97373 | AB13: =+IF(SUMIFS(Data_Long_Form!$D:$D,Data_Long_Form!$C:$C,Data_Pivot_Table!$V13,Data_Long_Form!$A:$A,Data_Pivot_Table!AB$4)=0,"",SUMIFS(Data_Long_Form!$D:$D,Data_Long_Form!$C:$C,Data_Pivot_Table!$V13,Data_Long_Form!$A:$A,Data_Pivot_Table!AB$4)) | AC13: =+IF(SUMIFS(Data_Long_Form!$D:$D,Data_Long_Form!$C:$C,Data_Pivot_Table!$V13,Data_Long_Form!$A:$A,Data_Pivot_Table!AC$4)=0,"",SUMIFS(Data_Long_Form!$D:$D,Data_Long_Form!$C:$C,Data_Pivot_Table!$V13,Data_Long_Form!$A:$A,Data_Pivot_Table!AC$4))
A14: 0.41700231 | C14: 1 | G14: 1 | I14: 2 | K14: 0.41700231 | M14: 1 | P14: 1 | S14: 2 | V14: 0.41700231 | W14: =+IF(SUMIFS(Data_Long_Form!$D:$D,Data_Long_Form!$C:$C,Data_Pivot_Table!$V14,Data_Long_Form!$A:$A,Data_Pivot_Table!W$4)=0,"",SUMIFS(Data_Long_Form!$D:$D,Data_Long_Form!$C:$C,Data_Pivot_Table!$V14,Data_Long_Form!$A:$A,Data_Pivot_Table!W$4)) | X14: =+IF(SUMIFS(Data_Long_Form!$D:$D,Data_Long_Form!$C:$C,Data_Pivot_Table!$V14,Data_Long_Form!$A:$A,Data_Pivot_Table!X$4)=0,"",SUMIFS(Data_Long_Form!$D:$D,Data_Long_Form!$C:$C,Data_Pivot_Table!$V14,Data_Long_Form!$A:$A,Data_Pivot_Table!X$4)) -> 284.73311 | Y14: =+IF(SUMIFS(Data_Long_Form!$D:$D,Data_Long_Form!$C:$C,Data_Pivot_Table!$V14,Data_Long_Form!$A:$A,Data_Pivot_Table!Y$4)=0,"",SUMIFS(Data_Long_Form!$D:$D,Data_Long_Form!$C:$C,Data_Pivot_Table!$V14,Data_Long_Form!$A:$A,Data_Pivot_Table!Y$4)) | Z14: =+IF(SUMIFS(Data_Long_Form!$D:$D,Data_Long_Form!$C:$C,Data_Pivot_Table!$V14,Data_Long_Form!$A:$A,Data_Pivot_Table!Z$4)=0,"",SUMIFS(Data_Long_Form!$D:$D,Data_Long_Form!$C:$C,Data_Pivot_Table!$V14,Data_Long_Form!$A:$A,Data_Pivot_Table!Z$4)) | AA14: =+IF(SUMIFS(Data_Long_Form!$D:$D,Data_Long_Form!$C:$C,Data_Pivot_Table!$V14,Data_Long_Form!$A:$A,Data_Pivot_Table!AA$4)=0,"",SUMIFS(Data_Long_Form!$D:$D,Data_Long_Form!$C:$C,Data_Pivot_Table!$V14,Data_Long_Form!$A:$A,Data_Pivot_Table!AA$4)) -> 306.98999 | AB14: =+IF(SUMIFS(Data_Long_Form!$D:$D,Data_Long_Form!$C:$C,Data_Pivot_Table!$V14,Data_Long_Form!$A:$A,Data_Pivot_Table!AB$4)=0,"",SUMIFS(Data_Long_Form!$D:$D,Data_Long_Form!$C:$C,Data_Pivot_Table!$V14,Data_Long_Form!$A:$A,Data_Pivot_Table!AB$4)) | AC14: =+IF(SUMIFS(Data_Long_Form!$D:$D,Data_Long_Form!$C:$C,Data_Pivot_Table!$V14,Data_Long_Form!$A:$A,Data_Pivot_Table!AC$4)=0,"",SUMIFS(Data_Long_Form!$D:$D,Data_Long_Form!$C:$C,Data_Pivot_Table!$V14,Data_Long_Form!$A:$A,Data_Pivot_Table!AC$4))
A15: 0.41702546 | C15: 1 | D15: 1 | F15: 1 | G15: 1 | I15: 4 | K15: 0.41702546 | L15: 1 | M15: 1 | P15: 1 | Q15: 1 | S15: 4 | V15: 0.41702546 | W15: =+IF(SUMIFS(Data_Long_Form!$D:$D,Data_Long_Form!$C:$C,Data_Pivot_Table!$V15,Data_Long_Form!$A:$A,Data_Pivot_Table!W$4)=0,"",SUMIFS(Data_Long_Form!$D:$D,Data_Long_Form!$C:$C,Data_Pivot_Table!$V15,Data_Long_Form!$A:$A,Data_Pivot_Table!W$4)) -> 257.20163 | X15: =+IF(SUMIFS(Data_Long_Form!$D:$D,Data_Long_Form!$C:$C,Data_Pivot_Table!$V15,Data_Long_Form!$A:$A,Data_Pivot_Table!X$4)=0,"",SUMIFS(Data_Long_Form!$D:$D,Data_Long_Form!$C:$C,Data_Pivot_Table!$V15,Data_Long_Form!$A:$A,Data_Pivot_Table!X$4)) -> 277.36393 | Y15: =+IF(SUMIFS(Data_Long_Form!$D:$D,Data_Long_Form!$C:$C,Data_Pivot_Table!$V15,Data_Long_Form!$A:$A,Data_Pivot_Table!Y$4)=0,"",SUMIFS(Data_Long_Form!$D:$D,Data_Long_Form!$C:$C,Data_Pivot_Table!$V15,Data_Long_Form!$A:$A,Data_Pivot_Table!Y$4)) | Z15: =+IF(SUMIFS(Data_Long_Form!$D:$D,Data_Long_Form!$C:$C,Data_Pivot_Table!$V15,Data_Long_Form!$A:$A,Data_Pivot_Table!Z$4)=0,"",SUMIFS(Data_Long_Form!$D:$D,Data_Long_Form!$C:$C,Data_Pivot_Table!$V15,Data_Long_Form!$A:$A,Data_Pivot_Table!Z$4)) | AA15: =+IF(SUMIFS(Data_Long_Form!$D:$D,Data_Long_Form!$C:$C,Data_Pivot_Table!$V15,Data_Long_Form!$A:$A,Data_Pivot_Table!AA$4)=0,"",SUMIFS(Data_Long_Form!$D:$D,Data_Long_Form!$C:$C,Data_Pivot_Table!$V15,Data_Long_Form!$A:$A,Data_Pivot_Table!AA$4)) -> 304.34935 | AB15: =+IF(SUMIFS(Data_Long_Form!$D:$D,Data_Long_Form!$C:$C,Data_Pivot_Table!$V15,Data_Long_Form!$A:$A,Data_Pivot_Table!AB$4)=0,"",SUMIFS(Data_Long_Form!$D:$D,Data_Long_Form!$C:$C,Data_Pivot_Table!$V15,Data_Long_Form!$A:$A,Data_Pivot_Table!AB$4)) -> 354.36517 | AC15: =+IF(SUMIFS(Data_Long_Form!$D:$D,Data_Long_Form!$C:$C,Data_Pivot_Table!$V15,Data_Long_Form!$A:$A,Data_Pivot_Table!AC$4)=0,"",SUMIFS(Data_Long_Form!$D:$D,Data_Long_Form!$C:$C,Data_Pivot_Table!$V15,Data_Long_Form!$A:$A,Data_Pivot_Table!AC$4))
A16: 0.41976852 | B16: 1 | C16: 1 | E16: 1 | F16: 1 | G16: 1 | H16: 1 | I16: 6 | K16: 0.41976852 | L16: 1 | M16: 1 | N16: 1 | O16: 1 | P16: 1 | R16: 1 | S16: 6 | V16: 0.41976852 | W16: =+IF(SUMIFS(Data_Long_Form!$D:$D,Data_Long_Form!$C:$C,Data_Pivot_Table!$V16,Data_Long_Form!$A:$A,Data_Pivot_Table!W$4)=0,"",SUMIFS(Data_Long_Form!$D:$D,Data_Long_Form!$C:$C,Data_Pivot_Table!$V16,Data_Long_Form!$A:$A,Data_Pivot_Table!W$4)) -> 333.1879 | X16: =+IF(SUMIFS(Data_Long_Form!$D:$D,Data_Long_Form!$C:$C,Data_Pivot_Table!$V16,Data_Long_Form!$A:$A,Data_Pivot_Table!X$4)=0,"",SUMIFS(Data_Long_Form!$D:$D,Data_Long_Form!$C:$C,Data_Pivot_Table!$V16,Data_Long_Form!$A:$A,Data_Pivot_Table!X$4)) -> 345.63748 | Y16: =+IF(SUMIFS(Data_Long_Form!$D:$D,Data_Long_Form!$C:$C,Data_Pivot_Table!$V16,Data_Long_Form!$A:$A,Data_Pivot_Table!Y$4)=0,"",SUMIFS(Data_Long_Form!$D:$D,Data_Long_Form!$C:$C,Data_Pivot_Table!$V16,Data_Long_Form!$A:$A,Data_Pivot_Table!Y$4)) -> 254.85074 | Z16: =+IF(SUMIFS(Data_Long_Form!$D:$D,Data_Long_Form!$C:$C,Data_Pivot_Table!$V16,Data_Long_Form!$A:$A,Data_Pivot_Table!Z$4)=0,"",SUMIFS(Data_Long_Form!$D:$D,Data_Long_Form!$C:$C,Data_Pivot_Table!$V16,Data_Long_Form!$A:$A,Data_Pivot_Table!Z$4)) -> 331.54912 | AA16: =+IF(SUMIFS(Data_Long_Form!$D:$D,Data_Long_Form!$C:$C,Data_Pivot_Table!$V16,Data_Long_Form!$A:$A,Data_Pivot_Table!AA$4)=0,"",SUMIFS(Data_Long_Form!$D:$D,Data_Long_Form!$C:$C,Data_Pivot_Table!$V16,Data_Long_Form!$A:$A,Data_Pivot_Table!AA$4)) -> 340.81966 | AB16: =+IF(SUMIFS(Data_Long_Form!$D:$D,Data_Long_Form!$C:$C,Data_Pivot_Table!$V16,Data_Long_Form!$A:$A,Data_Pivot_Table!AB$4)=0,"",SUMIFS(Data_Long_Form!$D:$D,Data_Long_Form!$C:$C,Data_Pivot_Table!$V16,Data_Long_Form!$A:$A,Data_Pivot_Table!AB$4)) | AC16: =+IF(SUMIFS(Data_Long_Form!$D:$D,Data_Long_Form!$C:$C,Data_Pivot_Table!$V16,Data_Long_Form!$A:$A,Data_Pivot_Table!AC$4)=0,"",SUMIFS(Data_Long_Form!$D:$D,Data_Long_Form!$C:$C,Data_Pivot_Table!$V16,Data_Long_Form!$A:$A,Data_Pivot_Table!AC$4)) -> 429.62567
A17: 0.41978009 | B17: 1 | C17: 1 | D17: 1 | E17: 1 | F17: 1 | G17: 1 | H17: 1 | I17: 7 | K17: 0.41978009 | L17: 1 | M17: 1 | N17: 1 | O17: 1 | P17: 1 | Q17: 1 | R17: 1 | S17: 7 | V17: 0.41978009 | W17: =+IF(SUMIFS(Data_Long_Form!$D:$D,Data_Long_Form!$C:$C,Data_Pivot_Table!$V17,Data_Long_Form!$A:$A,Data_Pivot_Table!W$4)=0,"",SUMIFS(Data_Long_Form!$D:$D,Data_Long_Form!$C:$C,Data_Pivot_Table!$V17,Data_Long_Form!$A:$A,Data_Pivot_Table!W$4)) -> 289.87584 | X17: =+IF(SUMIFS(Data_Long_Form!$D:$D,Data_Long_Form!$C:$C,Data_Pivot_Table!$V17,Data_Long_Form!$A:$A,Data_Pivot_Table!X$4)=0,"",SUMIFS(Data_Long_Form!$D:$D,Data_Long_Form!$C:$C,Data_Pivot_Table!$V17,Data_Long_Form!$A:$A,Data_Pivot_Table!X$4)) -> 334.88742 | Y17: =+IF(SUMIFS(Data_Long_Form!$D:$D,Data_Long_Form!$C:$C,Data_Pivot_Table!$V17,Data_Long_Form!$A:$A,Data_Pivot_Table!Y$4)=0,"",SUMIFS(Data_Long_Form!$D:$D,Data_Long_Form!$C:$C,Data_Pivot_Table!$V17,Data_Long_Form!$A:$A,Data_Pivot_Table!Y$4)) -> 200.73531 | Z17: =+IF(SUMIFS(Data_Long_Form!$D:$D,Data_Long_Form!$C:$C,Data_Pivot_Table!$V17,Data_Long_Form!$A:$A,Data_Pivot_Table!Z$4)=0,"",SUMIFS(Data_Long_Form!$D:$D,Data_Long_Form!$C:$C,Data_Pivot_Table!$V17,Data_Long_Form!$A:$A,Data_Pivot_Table!Z$4)) -> 303.05223 | AA17: =+IF(SUMIFS(Data_Long_Form!$D:$D,Data_Long_Form!$C:$C,Data_Pivot_Table!$V17,Data_Long_Form!$A:$A,Data_Pivot_Table!AA$4)=0,"",SUMIFS(Data_Long_Form!$D:$D,Data_Long_Form!$C:$C,Data_Pivot_Table!$V17,Data_Long_Form!$A:$A,Data_Pivot_Table!AA$4)) -> 332.84588 | AB17: =+IF(SUMIFS(Data_Long_Form!$D:$D,Data_Long_Form!$C:$C,Data_Pivot_Table!$V17,Data_Long_Form!$A:$A,Data_Pivot_Table!AB$4)=0,"",SUMIFS(Data_Long_Form!$D:$D,Data_Long_Form!$C:$C,Data_Pivot_Table!$V17,Data_Long_Form!$A:$A,Data_Pivot_Table!AB$4)) -> 430.11621 | AC17: =+IF(SUMIFS(Data_Long_Form!$D:$D,Data_Long_Form!$C:$C,Data_Pivot_Table!$V17,Data_Long_Form!$A:$A,Data_Pivot_Table!AC$4)=0,"",SUMIFS(Data_Long_Form!$D:$D,Data_Long_Form!$C:$C,Data_Pivot_Table!$V17,Data_Long_Form!$A:$A,Data_Pivot_Table!AC$4)) -> 427.62023
A18: 0.41979167 | B18: 1 | C18: 1 | D18: 1 | E18: 1 | F18: 1 | G18: 1 | H18: 1 | I18: 7 | K18: 0.41979167 | L18: 1 | M18: 1 | N18: 1 | O18: 1 | P18: 1 | Q18: 1 | R18: 1 | S18: 7 | V18: 0.41979167 | W18: =+IF(SUMIFS(Data_Long_Form!$D:$D,Data_Long_Form!$C:$C,Data_Pivot_Table!$V18,Data_Long_Form!$A:$A,Data_Pivot_Table!W$4)=0,"",SUMIFS(Data_Long_Form!$D:$D,Data_Long_Form!$C:$C,Data_Pivot_Table!$V18,Data_Long_Form!$A:$A,Data_Pivot_Table!W$4)) -> 299.12922 | X18: =+IF(SUMIFS(Data_Long_Form!$D:$D,Data_Long_Form!$C:$C,Data_Pivot_Table!$V18,Data_Long_Form!$A:$A,Data_Pivot_Table!X$4)=0,"",SUMIFS(Data_Long_Form!$D:$D,Data_Long_Form!$C:$C,Data_Pivot_Table!$V18,Data_Long_Form!$A:$A,Data_Pivot_Table!X$4)) -> 335.9281 | Y18: =+IF(SUMIFS(Data_Long_Form!$D:$D,Data_Long_Form!$C:$C,Data_Pivot_Table!$V18,Data_Long_Form!$A:$A,Data_Pivot_Table!Y$4)=0,"",SUMIFS(Data_Long_Form!$D:$D,Data_Long_Form!$C:$C,Data_Pivot_Table!$V18,Data_Long_Form!$A:$A,Data_Pivot_Table!Y$4)) -> 198.78138 | Z18: =+IF(SUMIFS(Data_Long_Form!$D:$D,Data_Long_Form!$C:$C,Data_Pivot_Table!$V18,Data_Long_Form!$A:$A,Data_Pivot_Table!Z$4)=0,"",SUMIFS(Data_Long_Form!$D:$D,Data_Long_Form!$C:$C,Data_Pivot_Table!$V18,Data_Long_Form!$A:$A,Data_Pivot_Table!Z$4)) -> 294.75708 | AA18: =+IF(SUMIFS(Data_Long_Form!$D:$D,Data_Long_Form!$C:$C,Data_Pivot_Table!$V18,Data_Long_Form!$A:$A,Data_Pivot_Table!AA$4)=0,"",SUMIFS(Data_Long_Form!$D:$D,Data_Long_Form!$C:$C,Data_Pivot_Table!$V18,Data_Long_Form!$A:$A,Data_Pivot_Table!AA$4)) -> 348.44477 | AB18: =+IF(SUMIFS(Data_Long_Form!$D:$D,Data_Long_Form!$C:$C,Data_Pivot_Table!$V18,Data_Long_Form!$A:$A,Data_Pivot_Table!AB$4)=0,"",SUMIFS(Data_Long_Form!$D:$D,Data_Long_Form!$C:$C,Data_Pivot_Table!$V18,Data_Long_Form!$A:$A,Data_Pivot_Table!AB$4)) -> 433.50857 | AC18: =+IF(SUMIFS(Data_Long_Form!$D:$D,Data_Long_Form!$C:$C,Data_Pivot_Table!$V18,Data_Long_Form!$A:$A,Data_Pivot_Table!AC$4)=0,"",SUMIFS(Data_Long_Form!$D:$D,Data_Long_Form!$C:$C,Data_Pivot_Table!$V18,Data_Long_Form!$A:$A,Data_Pivot_Table!AC$4)) -> 422.91165
A19: 0.41980324 | E19: 1 | G19: 1 | I19: 2 | K19: 0.41980324 | M19: 1 | R19: 1 | S19: 2 | V19: 0.41980324 | W19: =+IF(SUMIFS(Data_Long_Form!$D:$D,Data_Long_Form!$C:$C,Data_Pivot_Table!$V19,Data_Long_Form!$A:$A,Data_Pivot_Table!W$4)=0,"",SUMIFS(Data_Long_Form!$D:$D,Data_Long_Form!$C:$C,Data_Pivot_Table!$V19,Data_Long_Form!$A:$A,Data_Pivot_Table!W$4)) | X19: =+IF(SUMIFS(Data_Long_Form!$D:$D,Data_Long_Form!$C:$C,Data_Pivot_Table!$V19,Data_Long_Form!$A:$A,Data_Pivot_Table!X$4)=0,"",SUMIFS(Data_Long_Form!$D:$D,Data_Long_Form!$C:$C,Data_Pivot_Table!$V19,Data_Long_Form!$A:$A,Data_Pivot_Table!X$4)) -> 340.99883 | Y19: =+IF(SUMIFS(Data_Long_Form!$D:$D,Data_Long_Form!$C:$C,Data_Pivot_Table!$V19,Data_Long_Form!$A:$A,Data_Pivot_Table!Y$4)=0,"",SUMIFS(Data_Long_Form!$D:$D,Data_Long_Form!$C:$C,Data_Pivot_Table!$V19,Data_Long_Form!$A:$A,Data_Pivot_Table!Y$4)) | Z19: =+IF(SUMIFS(Data_Long_Form!$D:$D,Data_Long_Form!$C:$C,Data_Pivot_Table!$V19,Data_Long_Form!$A:$A,Data_Pivot_Table!Z$4)=0,"",SUMIFS(Data_Long_Form!$D:$D,Data_Long_Form!$C:$C,Data_Pivot_Table!$V19,Data_Long_Form!$A:$A,Data_Pivot_Table!Z$4)) | AA19: =+IF(SUMIFS(Data_Long_Form!$D:$D,Data_Long_Form!$C:$C,Data_Pivot_Table!$V19,Data_Long_Form!$A:$A,Data_Pivot_Table!AA$4)=0,"",SUMIFS(Data_Long_Form!$D:$D,Data_Long_Form!$C:$C,Data_Pivot_Table!$V19,Data_Long_Form!$A:$A,Data_Pivot_Table!AA$4)) | AB19: =+IF(SUMIFS(Data_Long_Form!$D:$D,Data_Long_Form!$C:$C,Data_Pivot_Table!$V19,Data_Long_Form!$A:$A,Data_Pivot_Table!AB$4)=0,"",SUMIFS(Data_Long_Form!$D:$D,Data_Long_Form!$C:$C,Data_Pivot_Table!$V19,Data_Long_Form!$A:$A,Data_Pivot_Table!AB$4)) | AC19: =+IF(SUMIFS(Data_Long_Form!$D:$D,Data_Long_Form!$C:$C,Data_Pivot_Table!$V19,Data_Long_Form!$A:$A,Data_Pivot_Table!AC$4)=0,"",SUMIFS(Data_Long_Form!$D:$D,Data_Long_Form!$C:$C,Data_Pivot_Table!$V19,Data_Long_Form!$A:$A,Data_Pivot_Table!AC$4)) -> 405.15188
A20: 0.41981481 | C20: 1 | D20: 1 | E20: 1 | G20: 1 | I20: 4 | K20: 0.41981481 | M20: 1 | P20: 1 | Q20: 1 | R20: 1 | S20: 4 | V20: 0.41981481 | W20: =+IF(SUMIFS(Data_Long_Form!$D:$D,Data_Long_Form!$C:$C,Data_Pivot_Table!$V20,Data_Long_Form!$A:$A,Data_Pivot_Table!W$4)=0,"",SUMIFS(Data_Long_Form!$D:$D,Data_Long_Form!$C:$C,Data_Pivot_Table!$V20,Data_Long_Form!$A:$A,Data_Pivot_Table!W$4)) | X20: =+IF(SUMIFS(Data_Long_Form!$D:$D,Data_Long_Form!$C:$C,Data_Pivot_Table!$V20,Data_Long_Form!$A:$A,Data_Pivot_Table!X$4)=0,"",SUMIFS(Data_Long_Form!$D:$D,Data_Long_Form!$C:$C,Data_Pivot_Table!$V20,Data_Long_Form!$A:$A,Data_Pivot_Table!X$4)) -> 334.22651 | Y20: =+IF(SUMIFS(Data_Long_Form!$D:$D,Data_Long_Form!$C:$C,Data_Pivot_Table!$V20,Data_Long_Form!$A:$A,Data_Pivot_Table!Y$4)=0,"",SUMIFS(Data_Long_Form!$D:$D,Data_Long_Form!$C:$C,Data_Pivot_Table!$V20,Data_Long_Form!$A:$A,Data_Pivot_Table!Y$4)) | Z20: =+IF(SUMIFS(Data_Long_Form!$D:$D,Data_Long_Form!$C:$C,Data_Pivot_Table!$V20,Data_Long_Form!$A:$A,Data_Pivot_Table!Z$4)=0,"",SUMIFS(Data_Long_Form!$D:$D,Data_Long_Form!$C:$C,Data_Pivot_Table!$V20,Data_Long_Form!$A:$A,Data_Pivot_Table!Z$4)) | AA20: =+IF(SUMIFS(Data_Long_Form!$D:$D,Data_Long_Form!$C:$C,Data_Pivot_Table!$V20,Data_Long_Form!$A:$A,Data_Pivot_Table!AA$4)=0,"",SUMIFS(Data_Long_Form!$D:$D,Data_Long_Form!$C:$C,Data_Pivot_Table!$V20,Data_Long_Form!$A:$A,Data_Pivot_Table!AA$4)) -> 309.62907 | AB20: =+IF(SUMIFS(Data_Long_Form!$D:$D,Data_Long_Form!$C:$C,Data_Pivot_Table!$V20,Data_Long_Form!$A:$A,Data_Pivot_Table!AB$4)=0,"",SUMIFS(Data_Long_Form!$D:$D,Data_Long_Form!$C:$C,Data_Pivot_Table!$V20,Data_Long_Form!$A:$A,Data_Pivot_Table!AB$4)) -> 442.31007 | AC20: =+IF(SUMIFS(Data_Long_Form!$D:$D,Data_Long_Form!$C:$C,Data_Pivot_Table!$V20,Data_Long_Form!$A:$A,Data_Pivot_Table!AC$4)=0,"",SUMIFS(Data_Long_Form!$D:$D,Data_Long_Form!$C:$C,Data_Pivot_Table!$V20,Data_Long_Form!$A:$A,Data_Pivot_Table!AC$4)) -> 386.02452
A21: 0.41983796 | G21: 1 | I21: 1 | K21: 0.41983796 | M21: 1 | S21: 1 | V21: 0.41983796 | W21: =+IF(SUMIFS(Data_Long_Form!$D:$D,Data_Long_Form!$C:$C,Data_Pivot_Table!$V21,Data_Long_Form!$A:$A,Data_Pivot_Table!W$4)=0,"",SUMIFS(Data_Long_Form!$D:$D,Data_Long_Form!$C:$C,Data_Pivot_Table!$V21,Data_Long_Form!$A:$A,Data_Pivot_Table!W$4)) | X21: =+IF(SUMIFS(Data_Long_Form!$D:$D,Data_Long_Form!$C:$C,Data_Pivot_Table!$V21,Data_Long_Form!$A:$A,Data_Pivot_Table!X$4)=0,"",SUMIFS(Data_Long_Form!$D:$D,Data_Long_Form!$C:$C,Data_Pivot_Table!$V21,Data_Long_Form!$A:$A,Data_Pivot_Table!X$4)) -> 333.11061 | Y21: =+IF(SUMIFS(Data_Long_Form!$D:$D,Data_Long_Form!$C:$C,Data_Pivot_Table!$V21,Data_Long_Form!$A:$A,Data_Pivot_Table!Y$4)=0,"",SUMIFS(Data_Long_Form!$D:$D,Data_Long_Form!$C:$C,Data_Pivot_Table!$V21,Data_Long_Form!$A:$A,Data_Pivot_Table!Y$4)) | Z21: =+IF(SUMIFS(Data_Long_Form!$D:$D,Data_Long_Form!$C:$C,Data_Pivot_Table!$V21,Data_Long_Form!$A:$A,Data_Pivot_Table!Z$4)=0,"",SUMIFS(Data_Long_Form!$D:$D,Data_Long_Form!$C:$C,Data_Pivot_Table!$V21,Data_Long_Form!$A:$A,Data_Pivot_Table!Z$4)) | AA21: =+IF(SUMIFS(Data_Long_Form!$D:$D,Data_Long_Form!$C:$C,Data_Pivot_Table!$V21,Data_Long_Form!$A:$A,Data_Pivot_Table!AA$4)=0,"",SUMIFS(Data_Long_Form!$D:$D,Data_Long_Form!$C:$C,Data_Pivot_Table!$V21,Data_Long_Form!$A:$A,Data_Pivot_Table!AA$4)) | AB21: =+IF(SUMIFS(Data_Long_Form!$D:$D,Data_Long_Form!$C:$C,Data_Pivot_Table!$V21,Data_Long_Form!$A:$A,Data_Pivot_Table!AB$4)=0,"",SUMIFS(Data_Long_Form!$D:$D,Data_Long_Form!$C:$C,Data_Pivot_Table!$V21,Data_Long_Form!$A:$A,Data_Pivot_Table!AB$4)) | AC21: =+IF(SUMIFS(Data_Long_Form!$D:$D,Data_Long_Form!$C:$C,Data_Pivot_Table!$V21,Data_Long_Form!$A:$A,Data_Pivot_Table!AC$4)=0,"",SUMIFS(Data_Long_Form!$D:$D,Data_Long_Form!$C:$C,Data_Pivot_Table!$V21,Data_Long_Form!$A:$A,Data_Pivot_Table!AC$4))
A22: 0.41984954 | G22: 1 | I22: 1 | K22: 0.41984954 | M22: 1 | S22: 1 | V22: 0.41984954 | W22: =+IF(SUMIFS(Data_Long_Form!$D:$D,Data_Long_Form!$C:$C,Data_Pivot_Table!$V22,Data_Long_Form!$A:$A,Data_Pivot_Table!W$4)=0,"",SUMIFS(Data_Long_Form!$D:$D,Data_Long_Form!$C:$C,Data_Pivot_Table!$V22,Data_Long_Form!$A:$A,Data_Pivot_Table!W$4)) | X22: =+IF(SUMIFS(Data_Long_Form!$D:$D,Data_Long_Form!$C:$C,Data_Pivot_Table!$V22,Data_Long_Form!$A:$A,Data_Pivot_Table!X$4)=0,"",SUMIFS(Data_Long_Form!$D:$D,Data_Long_Form!$C:$C,Data_Pivot_Table!$V22,Data_Long_Form!$A:$A,Data_Pivot_Table!X$4)) -> 342.64678 | Y22: =+IF(SUMIFS(Data_Long_Form!$D:$D,Data_Long_Form!$C:$C,Data_Pivot_Table!$V22,Data_Long_Form!$A:$A,Data_Pivot_Table!Y$4)=0,"",SUMIFS(Data_Long_Form!$D:$D,Data_Long_Form!$C:$C,Data_Pivot_Table!$V22,Data_Long_Form!$A:$A,Data_Pivot_Table!Y$4)) | Z22: =+IF(SUMIFS(Data_Long_Form!$D:$D,Data_Long_Form!$C:$C,Data_Pivot_Table!$V22,Data_Long_Form!$A:$A,Data_Pivot_Table!Z$4)=0,"",SUMIFS(Data_Long_Form!$D:$D,Data_Long_Form!$C:$C,Data_Pivot_Table!$V22,Data_Long_Form!$A:$A,Data_Pivot_Table!Z$4)) | AA22: =+IF(SUMIFS(Data_Long_Form!$D:$D,Data_Long_Form!$C:$C,Data_Pivot_Table!$V22,Data_Long_Form!$A:$A,Data_Pivot_Table!AA$4)=0,"",SUMIFS(Data_Long_Form!$D:$D,Data_Long_Form!$C:$C,Data_Pivot_Table!$V22,Data_Long_Form!$A:$A,Data_Pivot_Table!AA$4)) | AB22: =+IF(SUMIFS(Data_Long_Form!$D:$D,Data_Long_Form!$C:$C,Data_Pivot_Table!$V22,Data_Long_Form!$A:$A,Data_Pivot_Table!AB$4)=0,"",SUMIFS(Data_Long_Form!$D:$D,Data_Long_Form!$C:$C,Data_Pivot_Table!$V22,Data_Long_Form!$A:$A,Data_Pivot_Table!AB$4)) | AC22: =+IF(SUMIFS(Data_Long_Form!$D:$D,Data_Long_Form!$C:$C,Data_Pivot_Table!$V22,Data_Long_Form!$A:$A,Data_Pivot_Table!AC$4)=0,"",SUMIFS(Data_Long_Form!$D:$D,Data_Long_Form!$C:$C,Data_Pivot_Table!$V22,Data_Long_Form!$A:$A,Data_Pivot_Table!AC$4))
A23: 0.41986111 | B23: 1 | F23: 1 | G23: 1 | H23: 1 | I23: 4 | K23: 0.41986111 | L23: 1 | M23: 1 | N23: 1 | O23: 1 | S23: 4 | V23: 0.41986111 | W23: =+IF(SUMIFS(Data_Long_Form!$D:$D,Data_Long_Form!$C:$C,Data_Pivot_Table!$V23,Data_Long_Form!$A:$A,Data_Pivot_Table!W$4)=0,"",SUMIFS(Data_Long_Form!$D:$D,Data_Long_Form!$C:$C,Data_Pivot_Table!$V23,Data_Long_Form!$A:$A,Data_Pivot_Table!W$4)) -> 330.76577 | X23: =+IF(SUMIFS(Data_Long_Form!$D:$D,Data_Long_Form!$C:$C,Data_Pivot_Table!$V23,Data_Long_Form!$A:$A,Data_Pivot_Table!X$4)=0,"",SUMIFS(Data_Long_Form!$D:$D,Data_Long_Form!$C:$C,Data_Pivot_Table!$V23,Data_Long_Form!$A:$A,Data_Pivot_Table!X$4)) -> 331.53421 | Y23: =+IF(SUMIFS(Data_Long_Form!$D:$D,Data_Long_Form!$C:$C,Data_Pivot_Table!$V23,Data_Long_Form!$A:$A,Data_Pivot_Table!Y$4)=0,"",SUMIFS(Data_Long_Form!$D:$D,Data_Long_Form!$C:$C,Data_Pivot_Table!$V23,Data_Long_Form!$A:$A,Data_Pivot_Table!Y$4)) -> 218.72704 | Z23: =+IF(SUMIFS(Data_Long_Form!$D:$D,Data_Long_Form!$C:$C,Data_Pivot_Table!$V23,Data_Long_Form!$A:$A,Data_Pivot_Table!Z$4)=0,"",SUMIFS(Data_Long_Form!$D:$D,Data_Long_Form!$C:$C,Data_Pivot_Table!$V23,Data_Long_Form!$A:$A,Data_Pivot_Table!Z$4)) -> 326.07129 | AA23: =+IF(SUMIFS(Data_Long_Form!$D:$D,Data_Long_Form!$C:$C,Data_Pivot_Table!$V23,Data_Long_Form!$A:$A,Data_Pivot_Table!AA$4)=0,"",SUMIFS(Data_Long_Form!$D:$D,Data_Long_Form!$C:$C,Data_Pivot_Table!$V23,Data_Long_Form!$A:$A,Data_Pivot_Table!AA$4)) | AB23: =+IF(SUMIFS(Data_Long_Form!$D:$D,Data_Long_Form!$C:$C,Data_Pivot_Table!$V23,Data_Long_Form!$A:$A,Data_Pivot_Table!AB$4)=0,"",SUMIFS(Data_Long_Form!$D:$D,Data_Long_Form!$C:$C,Data_Pivot_Table!$V23,Data_Long_Form!$A:$A,Data_Pivot_Table!AB$4)) | AC23: =+IF(SUMIFS(Data_Long_Form!$D:$D,Data_Long_Form!$C:$C,Data_Pivot_Table!$V23,Data_Long_Form!$A:$A,Data_Pivot_Table!AC$4)=0,"",SUMIFS(Data_Long_Form!$D:$D,Data_Long_Form!$C:$C,Data_Pivot_Table!$V23,Data_Long_Form!$A:$A,Data_Pivot_Table!AC$4))
A24: 0.41987269 | B24: 1 | E24: 1 | F24: 1 | G24: 1 | H24: 1 | I24: 5 | K24: 0.41987269 | L24: 1 | M24: 1 | N24: 1 | O24: 1 | R24: 1 | S24: 5 | V24: 0.41987269 | W24: =+IF(SUMIFS(Data_Long_Form!$D:$D,Data_Long_Form!$C:$C,Data_Pivot_Table!$V24,Data_Long_Form!$A:$A,Data_Pivot_Table!W$4)=0,"",SUMIFS(Data_Long_Form!$D:$D,Data_Long_Form!$C:$C,Data_Pivot_Table!$V24,Data_Long_Form!$A:$A,Data_Pivot_Table!W$4)) -> 324.15881 | X24: =+IF(SUMIFS(Data_Long_Form!$D:$D,Data_Long_Form!$C:$C,Data_Pivot_Table!$V24,Data_Long_Form!$A:$A,Data_Pivot_Table!X$4)=0,"",SUMIFS(Data_Long_Form!$D:$D,Data_Long_Form!$C:$C,Data_Pivot_Table!$V24,Data_Long_Form!$A:$A,Data_Pivot_Table!X$4)) -> 344.88562 | Y24: =+IF(SUMIFS(Data_Long_Form!$D:$D,Data_Long_Form!$C:$C,Data_Pivot_Table!$V24,Data_Long_Form!$A:$A,Data_Pivot_Table!Y$4)=0,"",SUMIFS(Data_Long_Form!$D:$D,Data_Long_Form!$C:$C,Data_Pivot_Table!$V24,Data_Long_Form!$A:$A,Data_Pivot_Table!Y$4)) -> 216.10759 | Z24: =+IF(SUMIFS(Data_Long_Form!$D:$D,Data_Long_Form!$C:$C,Data_Pivot_Table!$V24,Data_Long_Form!$A:$A,Data_Pivot_Table!Z$4)=0,"",SUMIFS(Data_Long_Form!$D:$D,Data_Long_Form!$C:$C,Data_Pivot_Table!$V24,Data_Long_Form!$A:$A,Data_Pivot_Table!Z$4)) -> 330.36944 | AA24: =+IF(SUMIFS(Data_Long_Form!$D:$D,Data_Long_Form!$C:$C,Data_Pivot_Table!$V24,Data_Long_Form!$A:$A,Data_Pivot_Table!AA$4)=0,"",SUMIFS(Data_Long_Form!$D:$D,Data_Long_Form!$C:$C,Data_Pivot_Table!$V24,Data_Long_Form!$A:$A,Data_Pivot_Table!AA$4)) | AB24: =+IF(SUMIFS(Data_Long_Form!$D:$D,Data_Long_Form!$C:$C,Data_Pivot_Table!$V24,Data_Long_Form!$A:$A,Data_Pivot_Table!AB$4)=0,"",SUMIFS(Data_Long_Form!$D:$D,Data_Long_Form!$C:$C,Data_Pivot_Table!$V24,Data_Long_Form!$A:$A,Data_Pivot_Table!AB$4)) | AC24: =+IF(SUMIFS(Data_Long_Form!$D:$D,Data_Long_Form!$C:$C,Data_Pivot_Table!$V24,Data_Long_Form!$A:$A,Data_Pivot_Table!AC$4)=0,"",SUMIFS(Data_Long_Form!$D:$D,Data_Long_Form!$C:$C,Data_Pivot_Table!$V24,Data_Long_Form!$A:$A,Data_Pivot_Table!AC$4)) -> 334.77241
A25: 0.41989583 | E25: 1 | F25: 1 | G25: 1 | I25: 3 | K25: 0.41989583 | L25: 1 | M25: 1 | R25: 1 | S25: 3 | V25: 0.41989583 | W25: =+IF(SUMIFS(Data_Long_Form!$D:$D,Data_Long_Form!$C:$C,Data_Pivot_Table!$V25,Data_Long_Form!$A:$A,Data_Pivot_Table!W$4)=0,"",SUMIFS(Data_Long_Form!$D:$D,Data_Long_Form!$C:$C,Data_Pivot_Table!$V25,Data_Long_Form!$A:$A,Data_Pivot_Table!W$4)) -> 324.43146 | X25: =+IF(SUMIFS(Data_Long_Form!$D:$D,Data_Long_Form!$C:$C,Data_Pivot_Table!$V25,Data_Long_Form!$A:$A,Data_Pivot_Table!X$4)=0,"",SUMIFS(Data_Long_Form!$D:$D,Data_Long_Form!$C:$C,Data_Pivot_Table!$V25,Data_Long_Form!$A:$A,Data_Pivot_Table!X$4)) -> 322.50881 | Y25: =+IF(SUMIFS(Data_Long_Form!$D:$D,Data_Long_Form!$C:$C,Data_Pivot_Table!$V25,Data_Long_Form!$A:$A,Data_Pivot_Table!Y$4)=0,"",SUMIFS(Data_Long_Form!$D:$D,Data_Long_Form!$C:$C,Data_Pivot_Table!$V25,Data_Long_Form!$A:$A,Data_Pivot_Table!Y$4)) | Z25: =+IF(SUMIFS(Data_Long_Form!$D:$D,Data_Long_Form!$C:$C,Data_Pivot_Table!$V25,Data_Long_Form!$A:$A,Data_Pivot_Table!Z$4)=0,"",SUMIFS(Data_Long_Form!$D:$D,Data_Long_Form!$C:$C,Data_Pivot_Table!$V25,Data_Long_Form!$A:$A,Data_Pivot_Table!Z$4)) | AA25: =+IF(SUMIFS(Data_Long_Form!$D:$D,Data_Long_Form!$C:$C,Data_Pivot_Table!$V25,Data_Long_Form!$A:$A,Data_Pivot_Table!AA$4)=0,"",SUMIFS(Data_Long_Form!$D:$D,Data_Long_Form!$C:$C,Data_Pivot_Table!$V25,Data_Long_Form!$A:$A,Data_Pivot_Table!AA$4)) | AB25: =+IF(SUMIFS(Data_Long_Form!$D:$D,Data_Long_Form!$C:$C,Data_Pivot_Table!$V25,Data_Long_Form!$A:$A,Data_Pivot_Table!AB$4)=0,"",SUMIFS(Data_Long_Form!$D:$D,Data_Long_Form!$C:$C,Data_Pivot_Table!$V25,Data_Long_Form!$A:$A,Data_Pivot_Table!AB$4)) | AC25: =+IF(SUMIFS(Data_Long_Form!$D:$D,Data_Long_Form!$C:$C,Data_Pivot_Table!$V25,Data_Long_Form!$A:$A,Data_Pivot_Table!AC$4)=0,"",SUMIFS(Data_Long_Form!$D:$D,Data_Long_Form!$C:$C,Data_Pivot_Table!$V25,Data_Long_Form!$A:$A,Data_Pivot_Table!AC$4)) -> 363.08533
A26: 0.41990741 | B26: 1 | C26: 1 | E26: 1 | F26: 1 | G26: 1 | H26: 1 | I26: 6 | K26: 0.41990741 | L26: 1 | M26: 1 | N26: 1 | O26: 1 | P26: 1 | R26: 1 | S26: 6 | V26: 0.41990741 | W26: =+IF(SUMIFS(Data_Long_Form!$D:$D,Data_Long_Form!$C:$C,Data_Pivot_Table!$V26,Data_Long_Form!$A:$A,Data_Pivot_Table!W$4)=0,"",SUMIFS(Data_Long_Form!$D:$D,Data_Long_Form!$C:$C,Data_Pivot_Table!$V26,Data_Long_Form!$A:$A,Data_Pivot_Table!W$4)) -> 325.08346 | X26: =+IF(SUMIFS(Data_Long_Form!$D:$D,Data_Long_Form!$C:$C,Data_Pivot_Table!$V26,Data_Long_Form!$A:$A,Data_Pivot_Table!X$4)=0,"",SUMIFS(Data_Long_Form!$D:$D,Data_Long_Form!$C:$C,Data_Pivot_Table!$V26,Data_Long_Form!$A:$A,Data_Pivot_Table!X$4)) -> 322.37367 | Y26: =+IF(SUMIFS(Data_Long_Form!$D:$D,Data_Long_Form!$C:$C,Data_Pivot_Table!$V26,Data_Long_Form!$A:$A,Data_Pivot_Table!Y$4)=0,"",SUMIFS(Data_Long_Form!$D:$D,Data_Long_Form!$C:$C,Data_Pivot_Table!$V26,Data_Long_Form!$A:$A,Data_Pivot_Table!Y$4)) -> 202.9186 | Z26: =+IF(SUMIFS(Data_Long_Form!$D:$D,Data_Long_Form!$C:$C,Data_Pivot_Table!$V26,Data_Long_Form!$A:$A,Data_Pivot_Table!Z$4)=0,"",SUMIFS(Data_Long_Form!$D:$D,Data_Long_Form!$C:$C,Data_Pivot_Table!$V26,Data_Long_Form!$A:$A,Data_Pivot_Table!Z$4)) -> 329.18737 | AA26: =+IF(SUMIFS(Data_Long_Form!$D:$D,Data_Long_Form!$C:$C,Data_Pivot_Table!$V26,Data_Long_Form!$A:$A,Data_Pivot_Table!AA$4)=0,"",SUMIFS(Data_Long_Form!$D:$D,Data_Long_Form!$C:$C,Data_Pivot_Table!$V26,Data_Long_Form!$A:$A,Data_Pivot_Table!AA$4)) -> 307.47509 | AB26: =+IF(SUMIFS(Data_Long_Form!$D:$D,Data_Long_Form!$C:$C,Data_Pivot_Table!$V26,Data_Long_Form!$A:$A,Data_Pivot_Table!AB$4)=0,"",SUMIFS(Data_Long_Form!$D:$D,Data_Long_Form!$C:$C,Data_Pivot_Table!$V26,Data_Long_Form!$A:$A,Data_Pivot_Table!AB$4)) | AC26: =+IF(SUMIFS(Data_Long_Form!$D:$D,Data_Long_Form!$C:$C,Data_Pivot_Table!$V26,Data_Long_Form!$A:$A,Data_Pivot_Table!AC$4)=0,"",SUMIFS(Data_Long_Form!$D:$D,Data_Long_Form!$C:$C,Data_Pivot_Table!$V26,Data_Long_Form!$A:$A,Data_Pivot_Table!AC$4)) -> 347.39086
A27: 0.41991898 | B27: 1 | C27: 1 | D27: 1 | E27: 1 | F27: 1 | G27: 1 | H27: 1 | I27: 7 | K27: 0.41991898 | L27: 1 | M27: 1 | N27: 1 | O27: 1 | P27: 1 | Q27: 1 | R27: 1 | S27: 7 | V27: 0.41991898 | W27: =+IF(SUMIFS(Data_Long_Form!$D:$D,Data_Long_Form!$C:$C,Data_Pivot_Table!$V27,Data_Long_Form!$A:$A,Data_Pivot_Table!W$4)=0,"",SUMIFS(Data_Long_Form!$D:$D,Data_Long_Form!$C:$C,Data_Pivot_Table!$V27,Data_Long_Form!$A:$A,Data_Pivot_Table!W$4)) -> 318.89795 | X27: =+IF(SUMIFS(Data_Long_Form!$D:$D,Data_Long_Form!$C:$C,Data_Pivot_Table!$V27,Data_Long_Form!$A:$A,Data_Pivot_Table!X$4)=0,"",SUMIFS(Data_Long_Form!$D:$D,Data_Long_Form!$C:$C,Data_Pivot_Table!$V27,Data_Long_Form!$A:$A,Data_Pivot_Table!X$4)) -> 322.17976 | Y27: =+IF(SUMIFS(Data_Long_Form!$D:$D,Data_Long_Form!$C:$C,Data_Pivot_Table!$V27,Data_Long_Form!$A:$A,Data_Pivot_Table!Y$4)=0,"",SUMIFS(Data_Long_Form!$D:$D,Data_Long_Form!$C:$C,Data_Pivot_Table!$V27,Data_Long_Form!$A:$A,Data_Pivot_Table!Y$4)) -> 207.89849 | Z27: =+IF(SUMIFS(Data_Long_Form!$D:$D,Data_Long_Form!$C:$C,Data_Pivot_Table!$V27,Data_Long_Form!$A:$A,Data_Pivot_Table!Z$4)=0,"",SUMIFS(Data_Long_Form!$D:$D,Data_Long_Form!$C:$C,Data_Pivot_Table!$V27,Data_Long_Form!$A:$A,Data_Pivot_Table!Z$4)) -> 330.52079 | AA27: =+IF(SUMIFS(Data_Long_Form!$D:$D,Data_Long_Form!$C:$C,Data_Pivot_Table!$V27,Data_Long_Form!$A:$A,Data_Pivot_Table!AA$4)=0,"",SUMIFS(Data_Long_Form!$D:$D,Data_Long_Form!$C:$C,Data_Pivot_Table!$V27,Data_Long_Form!$A:$A,Data_Pivot_Table!AA$4)) -> 311.57557 | AB27: =+IF(SUMIFS(Data_Long_Form!$D:$D,Data_Long_Form!$C:$C,Data_Pivot_Table!$V27,Data_Long_Form!$A:$A,Data_Pivot_Table!AB$4)=0,"",SUMIFS(Data_Long_Form!$D:$D,Data_Long_Form!$C:$C,Data_Pivot_Table!$V27,Data_Long_Form!$A:$A,Data_Pivot_Table!AB$4)) -> 452.7383 | AC27: =+IF(SUMIFS(Data_Long_Form!$D:$D,Data_Long_Form!$C:$C,Data_Pivot_Table!$V27,Data_Long_Form!$A:$A,Data_Pivot_Table!AC$4)=0,"",SUMIFS(Data_Long_Form!$D:$D,Data_Long_Form!$C:$C,Data_Pivot_Table!$V27,Data_Long_Form!$A:$A,Data_Pivot_Table!AC$4)) -> 368.17393
A28: 0.41993056 | F28: 1 | G28: 1 | I28: 2 | K28: 0.41993056 | L28: 1 | M28: 1 | S28: 2 | V28: 0.41993056 | W28: =+IF(SUMIFS(Data_Long_Form!$D:$D,Data_Long_Form!$C:$C,Data_Pivot_Table!$V28,Data_Long_Form!$A:$A,Data_Pivot_Table!W$4)=0,"",SUMIFS(Data_Long_Form!$D:$D,Data_Long_Form!$C:$C,Data_Pivot_Table!$V28,Data_Long_Form!$A:$A,Data_Pivot_Table!W$4)) -> 317.62928 | X28: =+IF(SUMIFS(Data_Long_Form!$D:$D,Data_Long_Form!$C:$C,Data_Pivot_Table!$V28,Data_Long_Form!$A:$A,Data_Pivot_Table!X$4)=0,"",SUMIFS(Data_Long_Form!$D:$D,Data_Long_Form!$C:$C,Data_Pivot_Table!$V28,Data_Long_Form!$A:$A,Data_Pivot_Table!X$4)) -> 313.89274 | Y28: =+IF(SUMIFS(Data_Long_Form!$D:$D,Data_Long_Form!$C:$C,Data_Pivot_Table!$V28,Data_Long_Form!$A:$A,Data_Pivot_Table!Y$4)=0,"",SUMIFS(Data_Long_Form!$D:$D,Data_Long_Form!$C:$C,Data_Pivot_Table!$V28,Data_Long_Form!$A:$A,Data_Pivot_Table!Y$4)) | Z28: =+IF(SUMIFS(Data_Long_Form!$D:$D,Data_Long_Form!$C:$C,Data_Pivot_Table!$V28,Data_Long_Form!$A:$A,Data_Pivot_Table!Z$4)=0,"",SUMIFS(Data_Long_Form!$D:$D,Data_Long_Form!$C:$C,Data_Pivot_Table!$V28,Data_Long_Form!$A:$A,Data_Pivot_Table!Z$4)) | AA28: =+IF(SUMIFS(Data_Long_Form!$D:$D,Data_Long_Form!$C:$C,Data_Pivot_Table!$V28,Data_Long_Form!$A:$A,Data_Pivot_Table!AA$4)=0,"",SUMIFS(Data_Long_Form!$D:$D,Data_Long_Form!$C:$C,Data_Pivot_Table!$V28,Data_Long_Form!$A:$A,Data_Pivot_Table!AA$4)) | AB28: =+IF(SUMIFS(Data_Long_Form!$D:$D,Data_Long_Form!$C:$C,Data_Pivot_Table!$V28,Data_Long_Form!$A:$A,Data_Pivot_Table!AB$4)=0,"",SUMIFS(Data_Long_Form!$D:$D,Data_Long_Form!$C:$C,Data_Pivot_Table!$V28,Data_Long_Form!$A:$A,Data_Pivot_Table!AB$4)) | AC28: =+IF(SUMIFS(Data_Long_Form!$D:$D,Data_Long_Form!$C:$C,Data_Pivot_Table!$V28,Data_Long_Form!$A:$A,Data_Pivot_Table!AC$4)=0,"",SUMIFS(Data_Long_Form!$D:$D,Data_Long_Form!$C:$C,Data_Pivot_Table!$V28,Data_Long_Form!$A:$A,Data_Pivot_Table!AC$4))
A29: 0.41994213 | B29: 1 | F29: 1 | G29: 1 | H29: 1 | I29: 4 | K29: 0.41994213 | L29: 1 | M29: 1 | N29: 1 | O29: 1 | S29: 4 | V29: 0.41994213 | W29: =+IF(SUMIFS(Data_Long_Form!$D:$D,Data_Long_Form!$C:$C,Data_Pivot_Table!$V29,Data_Long_Form!$A:$A,Data_Pivot_Table!W$4)=0,"",SUMIFS(Data_Long_Form!$D:$D,Data_Long_Form!$C:$C,Data_Pivot_Table!$V29,Data_Long_Form!$A:$A,Data_Pivot_Table!W$4)) -> 360.98468 | X29: =+IF(SUMIFS(Data_Long_Form!$D:$D,Data_Long_Form!$C:$C,Data_Pivot_Table!$V29,Data_Long_Form!$A:$A,Data_Pivot_Table!X$4)=0,"",SUMIFS(Data_Long_Form!$D:$D,Data_Long_Form!$C:$C,Data_Pivot_Table!$V29,Data_Long_Form!$A:$A,Data_Pivot_Table!X$4)) -> 348.76075 | Y29: =+IF(SUMIFS(Data_Long_Form!$D:$D,Data_Long_Form!$C:$C,Data_Pivot_Table!$V29,Data_Long_Form!$A:$A,Data_Pivot_Table!Y$4)=0,"",SUMIFS(Data_Long_Form!$D:$D,Data_Long_Form!$C:$C,Data_Pivot_Table!$V29,Data_Long_Form!$A:$A,Data_Pivot_Table!Y$4)) -> 233.85886 | Z29: =+IF(SUMIFS(Data_Long_Form!$D:$D,Data_Long_Form!$C:$C,Data_Pivot_Table!$V29,Data_Long_Form!$A:$A,Data_Pivot_Table!Z$4)=0,"",SUMIFS(Data_Long_Form!$D:$D,Data_Long_Form!$C:$C,Data_Pivot_Table!$V29,Data_Long_Form!$A:$A,Data_Pivot_Table!Z$4)) -> 363.71068 | AA29: =+IF(SUMIFS(Data_Long_Form!$D:$D,Data_Long_Form!$C:$C,Data_Pivot_Table!$V29,Data_Long_Form!$A:$A,Data_Pivot_Table!AA$4)=0,"",SUMIFS(Data_Long_Form!$D:$D,Data_Long_Form!$C:$C,Data_Pivot_Table!$V29,Data_Long_Form!$A:$A,Data_Pivot_Table!AA$4)) | AB29: =+IF(SUMIFS(Data_Long_Form!$D:$D,Data_Long_Form!$C:$C,Data_Pivot_Table!$V29,Data_Long_Form!$A:$A,Data_Pivot_Table!AB$4)=0,"",SUMIFS(Data_Long_Form!$D:$D,Data_Long_Form!$C:$C,Data_Pivot_Table!$V29,Data_Long_Form!$A:$A,Data_Pivot_Table!AB$4)) | AC29: =+IF(SUMIFS(Data_Long_Form!$D:$D,Data_Long_Form!$C:$C,Data_Pivot_Table!$V29,Data_Long_Form!$A:$A,Data_Pivot_Table!AC$4)=0,"",SUMIFS(Data_Long_Form!$D:$D,Data_Long_Form!$C:$C,Data_Pivot_Table!$V29,Data_Long_Form!$A:$A,Data_Pivot_Table!AC$4))
A30: 0.4199537 | B30: 1 | E30: 1 | F30: 1 | G30: 1 | I30: 4 | K30: 0.4199537 | L30: 1 | M30: 1 | O30: 1 | R30: 1 | S30: 4 | V30: 0.4199537 | W30: =+IF(SUMIFS(Data_Long_Form!$D:$D,Data_Long_Form!$C:$C,Data_Pivot_Table!$V30,Data_Long_Form!$A:$A,Data_Pivot_Table!W$4)=0,"",SUMIFS(Data_Long_Form!$D:$D,Data_Long_Form!$C:$C,Data_Pivot_Table!$V30,Data_Long_Form!$A:$A,Data_Pivot_Table!W$4)) -> 317.50219 | X30: =+IF(SUMIFS(Data_Long_Form!$D:$D,Data_Long_Form!$C:$C,Data_Pivot_Table!$V30,Data_Long_Form!$A:$A,Data_Pivot_Table!X$4)=0,"",SUMIFS(Data_Long_Form!$D:$D,Data_Long_Form!$C:$C,Data_Pivot_Table!$V30,Data_Long_Form!$A:$A,Data_Pivot_Table!X$4)) -> 329.40713 | Y30: =+IF(SUMIFS(Data_Long_Form!$D:$D,Data_Long_Form!$C:$C,Data_Pivot_Table!$V30,Data_Long_Form!$A:$A,Data_Pivot_Table!Y$4)=0,"",SUMIFS(Data_Long_Form!$D:$D,Data_Long_Form!$C:$C,Data_Pivot_Table!$V30,Data_Long_Form!$A:$A,Data_Pivot_Table!Y$4)) | Z30: =+IF(SUMIFS(Data_Long_Form!$D:$D,Data_Long_Form!$C:$C,Data_Pivot_Table!$V30,Data_Long_Form!$A:$A,Data_Pivot_Table!Z$4)=0,"",SUMIFS(Data_Long_Form!$D:$D,Data_Long_Form!$C:$C,Data_Pivot_Table!$V30,Data_Long_Form!$A:$A,Data_Pivot_Table!Z$4)) -> 333.73396 | AA30: =+IF(SUMIFS(Data_Long_Form!$D:$D,Data_Long_Form!$C:$C,Data_Pivot_Table!$V30,Data_Long_Form!$A:$A,Data_Pivot_Table!AA$4)=0,"",SUMIFS(Data_Long_Form!$D:$D,Data_Long_Form!$C:$C,Data_Pivot_Table!$V30,Data_Long_Form!$A:$A,Data_Pivot_Table!AA$4)) | AB30: =+IF(SUMIFS(Data_Long_Form!$D:$D,Data_Long_Form!$C:$C,Data_Pivot_Table!$V30,Data_Long_Form!$A:$A,Data_Pivot_Table!AB$4)=0,"",SUMIFS(Data_Long_Form!$D:$D,Data_Long_Form!$C:$C,Data_Pivot_Table!$V30,Data_Long_Form!$A:$A,Data_Pivot_Table!AB$4)) | AC30: =+IF(SUMIFS(Data_Long_Form!$D:$D,Data_Long_Form!$C:$C,Data_Pivot_Table!$V30,Data_Long_Form!$A:$A,Data_Pivot_Table!AC$4)=0,"",SUMIFS(Data_Long_Form!$D:$D,Data_Long_Form!$C:$C,Data_Pivot_Table!$V30,Data_Long_Form!$A:$A,Data_Pivot_Table!AC$4)) -> 347.00754
A31: 0.41996528 | B31: 1 | F31: 1 | G31: 1 | I31: 3 | K31: 0.41996528 | L31: 1 | M31: 1 | O31: 1 | S31: 3 | V31: 0.41996528 | W31: =+IF(SUMIFS(Data_Long_Form!$D:$D,Data_Long_Form!$C:$C,Data_Pivot_Table!$V31,Data_Long_Form!$A:$A,Data_Pivot_Table!W$4)=0,"",SUMIFS(Data_Long_Form!$D:$D,Data_Long_Form!$C:$C,Data_Pivot_Table!$V31,Data_Long_Form!$A:$A,Data_Pivot_Table!W$4)) -> 334.96613 | X31: =+IF(SUMIFS(Data_Long_Form!$D:$D,Data_Long_Form!$C:$C,Data_Pivot_Table!$V31,Data_Long_Form!$A:$A,Data_Pivot_Table!X$4)=0,"",SUMIFS(Data_Long_Form!$D:$D,Data_Long_Form!$C:$C,Data_Pivot_Table!$V31,Data_Long_Form!$A:$A,Data_Pivot_Table!X$4)) -> 327.2959 | Y31: =+IF(SUMIFS(Data_Long_Form!$D:$D,Data_Long_Form!$C:$C,Data_Pivot_Table!$V31,Data_Long_Form!$A:$A,Data_Pivot_Table!Y$4)=0,"",SUMIFS(Data_Long_Form!$D:$D,Data_Long_Form!$C:$C,Data_Pivot_Table!$V31,Data_Long_Form!$A:$A,Data_Pivot_Table!Y$4)) | Z31: =+IF(SUMIFS(Data_Long_Form!$D:$D,Data_Long_Form!$C:$C,Data_Pivot_Table!$V31,Data_Long_Form!$A:$A,Data_Pivot_Table!Z$4)=0,"",SUMIFS(Data_Long_Form!$D:$D,Data_Long_Form!$C:$C,Data_Pivot_Table!$V31,Data_Long_Form!$A:$A,Data_Pivot_Table!Z$4)) -> 334.74395 | AA31: =+IF(SUMIFS(Data_Long_Form!$D:$D,Data_Long_Form!$C:$C,Data_Pivot_Table!$V31,Data_Long_Form!$A:$A,Data_Pivot_Table!AA$4)=0,"",SUMIFS(Data_Long_Form!$D:$D,Data_Long_Form!$C:$C,Data_Pivot_Table!$V31,Data_Long_Form!$A:$A,Data_Pivot_Table!AA$4)) | AB31: =+IF(SUMIFS(Data_Long_Form!$D:$D,Data_Long_Form!$C:$C,Data_Pivot_Table!$V31,Data_Long_Form!$A:$A,Data_Pivot_Table!AB$4)=0,"",SUMIFS(Data_Long_Form!$D:$D,Data_Long_Form!$C:$C,Data_Pivot_Table!$V31,Data_Long_Form!$A:$A,Data_Pivot_Table!AB$4)) | AC31: =+IF(SUMIFS(Data_Long_Form!$D:$D,Data_Long_Form!$C:$C,Data_Pivot_Table!$V31,Data_Long_Form!$A:$A,Data_Pivot_Table!AC$4)=0,"",SUMIFS(Data_Long_Form!$D:$D,Data_Long_Form!$C:$C,Data_Pivot_Table!$V31,Data_Long_Form!$A:$A,Data_Pivot_Table!AC$4))
A32: 0.41997685 | B32: 1 | C32: 1 | D32: 1 | E32: 1 | F32: 1 | G32: 1 | H32: 1 | I32: 7 | K32: 0.41997685 | L32: 1 | M32: 1 | N32: 1 | O32: 1 | P32: 1 | Q32: 1 | R32: 1 | S32: 7 | V32: 0.41997685 | W32: =+IF(SUMIFS(Data_Long_Form!$D:$D,Data_Long_Form!$C:$C,Data_Pivot_Table!$V32,Data_Long_Form!$A:$A,Data_Pivot_Table!W$4)=0,"",SUMIFS(Data_Long_Form!$D:$D,Data_Long_Form!$C:$C,Data_Pivot_Table!$V32,Data_Long_Form!$A:$A,Data_Pivot_Table!W$4)) -> 342.43745 | X32: =+IF(SUMIFS(Data_Long_Form!$D:$D,Data_Long_Form!$C:$C,Data_Pivot_Table!$V32,Data_Long_Form!$A:$A,Data_Pivot_Table!X$4)=0,"",SUMIFS(Data_Long_Form!$D:$D,Data_Long_Form!$C:$C,Data_Pivot_Table!$V32,Data_Long_Form!$A:$A,Data_Pivot_Table!X$4)) -> 330.12176 | Y32: =+IF(SUMIFS(Data_Long_Form!$D:$D,Data_Long_Form!$C:$C,Data_Pivot_Table!$V32,Data_Long_Form!$A:$A,Data_Pivot_Table!Y$4)=0,"",SUMIFS(Data_Long_Form!$D:$D,Data_Long_Form!$C:$C,Data_Pivot_Table!$V32,Data_Long_Form!$A:$A,Data_Pivot_Table!Y$4)) -> 191.05478 | Z32: =+IF(SUMIFS(Data_Long_Form!$D:$D,Data_Long_Form!$C:$C,Data_Pivot_Table!$V32,Data_Long_Form!$A:$A,Data_Pivot_Table!Z$4)=0,"",SUMIFS(Data_Long_Form!$D:$D,Data_Long_Form!$C:$C,Data_Pivot_Table!$V32,Data_Long_Form!$A:$A,Data_Pivot_Table!Z$4)) -> 339.43942 | AA32: =+IF(SUMIFS(Data_Long_Form!$D:$D,Data_Long_Form!$C:$C,Data_Pivot_Table!$V32,Data_Long_Form!$A:$A,Data_Pivot_Table!AA$4)=0,"",SUMIFS(Data_Long_Form!$D:$D,Data_Long_Form!$C:$C,Data_Pivot_Table!$V32,Data_Long_Form!$A:$A,Data_Pivot_Table!AA$4)) -> 351.76129 | AB32: =+IF(SUMIFS(Data_Long_Form!$D:$D,Data_Long_Form!$C:$C,Data_Pivot_Table!$V32,Data_Long_Form!$A:$A,Data_Pivot_Table!AB$4)=0,"",SUMIFS(Data_Long_Form!$D:$D,Data_Long_Form!$C:$C,Data_Pivot_Table!$V32,Data_Long_Form!$A:$A,Data_Pivot_Table!AB$4)) -> 430.56261 | AC32: =+IF(SUMIFS(Data_Long_Form!$D:$D,Data_Long_Form!$C:$C,Data_Pivot_Table!$V32,Data_Long_Form!$A:$A,Data_Pivot_Table!AC$4)=0,"",SUMIFS(Data_Long_Form!$D:$D,Data_Long_Form!$C:$C,Data_Pivot_Table!$V32,Data_Long_Form!$A:$A,Data_Pivot_Table!AC$4)) -> 354.45719
A33: 0.41998843 | B33: 1 | C33: 1 | D33: 1 | E33: 1 | F33: 1 | G33: 1 | H33: 1 | I33: 7 | K33: 0.41998843 | L33: 1 | M33: 1 | N33: 1 | O33: 1 | P33: 1 | Q33: 1 | R33: 1 | S33: 7 | V33: 0.41998843 | W33: =+IF(SUMIFS(Data_Long_Form!$D:$D,Data_Long_Form!$C:$C,Data_Pivot_Table!$V33,Data_Long_Form!$A:$A,Data_Pivot_Table!W$4)=0,"",SUMIFS(Data_Long_Form!$D:$D,Data_Long_Form!$C:$C,Data_Pivot_Table!$V33,Data_Long_Form!$A:$A,Data_Pivot_Table!W$4)) -> 340.09466 | X33: =+IF(SUMIFS(Data_Long_Form!$D:$D,Data_Long_Form!$C:$C,Data_Pivot_Table!$V33,Data_Long_Form!$A:$A,Data_Pivot_Table!X$4)=0,"",SUMIFS(Data_Long_Form!$D:$D,Data_Long_Form!$C:$C,Data_Pivot_Table!$V33,Data_Long_Form!$A:$A,Data_Pivot_Table!X$4)) -> 328.91032 | Y33: =+IF(SUMIFS(Data_Long_Form!$D:$D,Data_Long_Form!$C:$C,Data_Pivot_Table!$V33,Data_Long_Form!$A:$A,Data_Pivot_Table!Y$4)=0,"",SUMIFS(Data_Long_Form!$D:$D,Data_Long_Form!$C:$C,Data_Pivot_Table!$V33,Data_Long_Form!$A:$A,Data_Pivot_Table!Y$4)) -> 185.24536 | Z33: =+IF(SUMIFS(Data_Long_Form!$D:$D,Data_Long_Form!$C:$C,Data_Pivot_Table!$V33,Data_Long_Form!$A:$A,Data_Pivot_Table!Z$4)=0,"",SUMIFS(Data_Long_Form!$D:$D,Data_Long_Form!$C:$C,Data_Pivot_Table!$V33,Data_Long_Form!$A:$A,Data_Pivot_Table!Z$4)) -> 337.1319 | AA33: =+IF(SUMIFS(Data_Long_Form!$D:$D,Data_Long_Form!$C:$C,Data_Pivot_Table!$V33,Data_Long_Form!$A:$A,Data_Pivot_Table!AA$4)=0,"",SUMIFS(Data_Long_Form!$D:$D,Data_Long_Form!$C:$C,Data_Pivot_Table!$V33,Data_Long_Form!$A:$A,Data_Pivot_Table!AA$4)) -> 350.23479 | AB33: =+IF(SUMIFS(Data_Long_Form!$D:$D,Data_Long_Form!$C:$C,Data_Pivot_Table!$V33,Data_Long_Form!$A:$A,Data_Pivot_Table!AB$4)=0,"",SUMIFS(Data_Long_Form!$D:$D,Data_Long_Form!$C:$C,Data_Pivot_Table!$V33,Data_Long_Form!$A:$A,Data_Pivot_Table!AB$4)) -> 426.54358 | AC33: =+IF(SUMIFS(Data_Long_Form!$D:$D,Data_Long_Form!$C:$C,Data_Pivot_Table!$V33,Data_Long_Form!$A:$A,Data_Pivot_Table!AC$4)=0,"",SUMIFS(Data_Long_Form!$D:$D,Data_Long_Form!$C:$C,Data_Pivot_Table!$V33,Data_Long_Form!$A:$A,Data_Pivot_Table!AC$4)) -> 344.4645
A34: 0.42 | B34: 1 | C34: 1 | D34: 1 | E34: 1 | F34: 1 | G34: 1 | H34: 1 | I34: 7 | K34: 0.42 | L34: 1 | M34: 1 | N34: 1 | O34: 1 | P34: 1 | Q34: 1 | R34: 1 | S34: 7 | V34: 0.42 | W34: =+IF(SUMIFS(Data_Long_Form!$D:$D,Data_Long_Form!$C:$C,Data_Pivot_Table!$V34,Data_Long_Form!$A:$A,Data_Pivot_Table!W$4)=0,"",SUMIFS(Data_Long_Form!$D:$D,Data_Long_Form!$C:$C,Data_Pivot_Table!$V34,Data_Long_Form!$A:$A,Data_Pivot_Table!W$4)) -> 337.41801 | X34: =+IF(SUMIFS(Data_Long_Form!$D:$D,Data_Long_Form!$C:$C,Data_Pivot_Table!$V34,Data_Long_Form!$A:$A,Data_Pivot_Table!X$4)=0,"",SUMIFS(Data_Long_Form!$D:$D,Data_Long_Form!$C:$C,Data_Pivot_Table!$V34,Data_Long_Form!$A:$A,Data_Pivot_Table!X$4)) -> 324.56831 | Y34: =+IF(SUMIFS(Data_Long_Form!$D:$D,Data_Long_Form!$C:$C,Data_Pivot_Table!$V34,Data_Long_Form!$A:$A,Data_Pivot_Table!Y$4)=0,"",SUMIFS(Data_Long_Form!$D:$D,Data_Long_Form!$C:$C,Data_Pivot_Table!$V34,Data_Long_Form!$A:$A,Data_Pivot_Table!Y$4)) -> 179.8082 | Z34: =+IF(SUMIFS(Data_Long_Form!$D:$D,Data_Long_Form!$C:$C,Data_Pivot_Table!$V34,Data_Long_Form!$A:$A,Data_Pivot_Table!Z$4)=0,"",SUMIFS(Data_Long_Form!$D:$D,Data_Long_Form!$C:$C,Data_Pivot_Table!$V34,Data_Long_Form!$A:$A,Data_Pivot_Table!Z$4)) -> 337.32474 | AA34: =+IF(SUMIFS(Data_Long_Form!$D:$D,Data_Long_Form!$C:$C,Data_Pivot_Table!$V34,Data_Long_Form!$A:$A,Data_Pivot_Table!AA$4)=0,"",SUMIFS(Data_Long_Form!$D:$D,Data_Long_Form!$C:$C,Data_Pivot_Table!$V34,Data_Long_Form!$A:$A,Data_Pivot_Table!AA$4)) -> 347.46697 | AB34: =+IF(SUMIFS(Data_Long_Form!$D:$D,Data_Long_Form!$C:$C,Data_Pivot_Table!$V34,Data_Long_Form!$A:$A,Data_Pivot_Table!AB$4)=0,"",SUMIFS(Data_Long_Form!$D:$D,Data_Long_Form!$C:$C,Data_Pivot_Table!$V34,Data_Long_Form!$A:$A,Data_Pivot_Table!AB$4)) -> 421.05143 | AC34: =+IF(SUMIFS(Data_Long_Form!$D:$D,Data_Long_Form!$C:$C,Data_Pivot_Table!$V34,Data_Long_Form!$A:$A,Data_Pivot_Table!AC$4)=0,"",SUMIFS(Data_Long_Form!$D:$D,Data_Long_Form!$C:$C,Data_Pivot_Table!$V34,Data_Long_Form!$A:$A,Data_Pivot_Table!AC$4)) -> 330.22653
A35: 0.42001157 | B35: 1 | C35: 1 | D35: 1 | E35: 1 | F35: 1 | G35: 1 | H35: 1 | I35: 7 | K35: 0.42001157 | L35: 1 | M35: 1 | N35: 1 | O35: 1 | P35: 1 | Q35: 1 | R35: 1 | S35: 7 | V35: 0.42001157 | W35: =+IF(SUMIFS(Data_Long_Form!$D:$D,Data_Long_Form!$C:$C,Data_Pivot_Table!$V35,Data_Long_Form!$A:$A,Data_Pivot_Table!W$4)=0,"",SUMIFS(Data_Long_Form!$D:$D,Data_Long_Form!$C:$C,Data_Pivot_Table!$V35,Data_Long_Form!$A:$A,Data_Pivot_Table!W$4)) -> 344.51896 | X35: =+IF(SUMIFS(Data_Long_Form!$D:$D,Data_Long_Form!$C:$C,Data_Pivot_Table!$V35,Data_Long_Form!$A:$A,Data_Pivot_Table!X$4)=0,"",SUMIFS(Data_Long_Form!$D:$D,Data_Long_Form!$C:$C,Data_Pivot_Table!$V35,Data_Long_Form!$A:$A,Data_Pivot_Table!X$4)) -> 325.23702 | Y35: =+IF(SUMIFS(Data_Long_Form!$D:$D,Data_Long_Form!$C:$C,Data_Pivot_Table!$V35,Data_Long_Form!$A:$A,Data_Pivot_Table!Y$4)=0,"",SUMIFS(Data_Long_Form!$D:$D,Data_Long_Form!$C:$C,Data_Pivot_Table!$V35,Data_Long_Form!$A:$A,Data_Pivot_Table!Y$4)) -> 186.23392 | Z35: =+IF(SUMIFS(Data_Long_Form!$D:$D,Data_Long_Form!$C:$C,Data_Pivot_Table!$V35,Data_Long_Form!$A:$A,Data_Pivot_Table!Z$4)=0,"",SUMIFS(Data_Long_Form!$D:$D,Data_Long_Form!$C:$C,Data_Pivot_Table!$V35,Data_Long_Form!$A:$A,Data_Pivot_Table!Z$4)) -> 340.13072 | AA35: =+IF(SUMIFS(Data_Long_Form!$D:$D,Data_Long_Form!$C:$C,Data_Pivot_Table!$V35,Data_Long_Form!$A:$A,Data_Pivot_Table!AA$4)=0,"",SUMIFS(Data_Long_Form!$D:$D,Data_Long_Form!$C:$C,Data_Pivot_Table!$V35,Data_Long_Form!$A:$A,Data_Pivot_Table!AA$4)) -> 356.93366 | AB35: =+IF(SUMIFS(Data_Long_Form!$D:$D,Data_Long_Form!$C:$C,Data_Pivot_Table!$V35,Data_Long_Form!$A:$A,Data_Pivot_Table!AB$4)=0,"",SUMIFS(Data_Long_Form!$D:$D,Data_Long_Form!$C:$C,Data_Pivot_Table!$V35,Data_Long_Form!$A:$A,Data_Pivot_Table!AB$4)) -> 414.0921 | AC35: =+IF(SUMIFS(Data_Long_Form!$D:$D,Data_Long_Form!$C:$C,Data_Pivot_Table!$V35,Data_Long_Form!$A:$A,Data_Pivot_Table!AC$4)=0,"",SUMIFS(Data_Long_Form!$D:$D,Data_Long_Form!$C:$C,Data_Pivot_Table!$V35,Data_Long_Form!$A:$A,Data_Pivot_Table!AC$4)) -> 345.24399
A36: 0.42002315 | B36: 1 | C36: 1 | D36: 1 | E36: 1 | F36: 1 | G36: 1 | H36: 1 | I36: 7 | K36: 0.42002315 | L36: 1 | M36: 1 | N36: 1 | O36: 1 | P36: 1 | Q36: 1 | R36: 1 | S36: 7 | V36: 0.42002315 | W36: =+IF(SUMIFS(Data_Long_Form!$D:$D,Data_Long_Form!$C:$C,Data_Pivot_Table!$V36,Data_Long_Form!$A:$A,Data_Pivot_Table!W$4)=0,"",SUMIFS(Data_Long_Form!$D:$D,Data_Long_Form!$C:$C,Data_Pivot_Table!$V36,Data_Long_Form!$A:$A,Data_Pivot_Table!W$4)) -> 344.19507 | X36: =+IF(SUMIFS(Data_Long_Form!$D:$D,Data_Long_Form!$C:$C,Data_Pivot_Table!$V36,Data_Long_Form!$A:$A,Data_Pivot_Table!X$4)=0,"",SUMIFS(Data_Long_Form!$D:$D,Data_Long_Form!$C:$C,Data_Pivot_Table!$V36,Data_Long_Form!$A:$A,Data_Pivot_Table!X$4)) -> 338.82899 | Y36: =+IF(SUMIFS(Data_Long_Form!$D:$D,Data_Long_Form!$C:$C,Data_Pivot_Table!$V36,Data_Long_Form!$A:$A,Data_Pivot_Table!Y$4)=0,"",SUMIFS(Data_Long_Form!$D:$D,Data_Long_Form!$C:$C,Data_Pivot_Table!$V36,Data_Long_Form!$A:$A,Data_Pivot_Table!Y$4)) -> 216.28451 | Z36: =+IF(SUMIFS(Data_Long_Form!$D:$D,Data_Long_Form!$C:$C,Data_Pivot_Table!$V36,Data_Long_Form!$A:$A,Data_Pivot_Table!Z$4)=0,"",SUMIFS(Data_Long_Form!$D:$D,Data_Long_Form!$C:$C,Data_Pivot_Table!$V36,Data_Long_Form!$A:$A,Data_Pivot_Table!Z$4)) -> 353.91099 | AA36: =+IF(SUMIFS(Data_Long_Form!$D:$D,Data_Long_Form!$C:$C,Data_Pivot_Table!$V36,Data_Long_Form!$A:$A,Data_Pivot_Table!AA$4)=0,"",SUMIFS(Data_Long_Form!$D:$D,Data_Long_Form!$C:$C,Data_Pivot_Table!$V36,Data_Long_Form!$A:$A,Data_Pivot_Table!AA$4)) -> 362.05001 | AB36: =+IF(SUMIFS(Data_Long_Form!$D:$D,Data_Long_Form!$C:$C,Data_Pivot_Table!$V36,Data_Long_Form!$A:$A,Data_Pivot_Table!AB$4)=0,"",SUMIFS(Data_Long_Form!$D:$D,Data_Long_Form!$C:$C,Data_Pivot_Table!$V36,Data_Long_Form!$A:$A,Data_Pivot_Table!AB$4)) -> 433.10695 | AC36: =+IF(SUMIFS(Data_Long_Form!$D:$D,Data_Long_Form!$C:$C,Data_Pivot_Table!$V36,Data_Long_Form!$A:$A,Data_Pivot_Table!AC$4)=0,"",SUMIFS(Data_Long_Form!$D:$D,Data_Long_Form!$C:$C,Data_Pivot_Table!$V36,Data_Long_Form!$A:$A,Data_Pivot_Table!AC$4)) -> 425.335
A37: 0.42003472 | B37: 1 | C37: 1 | D37: 1 | E37: 1 | F37: 1 | G37: 1 | H37: 1 | I37: 7 | K37: 0.42003472 | L37: 1 | M37: 1 | N37: 1 | O37: 1 | P37: 1 | Q37: 1 | R37: 1 | S37: 7 | V37: 0.42003472 | W37: =+IF(SUMIFS(Data_Long_Form!$D:$D,Data_Long_Form!$C:$C,Data_Pivot_Table!$V37,Data_Long_Form!$A:$A,Data_Pivot_Table!W$4)=0,"",SUMIFS(Data_Long_Form!$D:$D,Data_Long_Form!$C:$C,Data_Pivot_Table!$V37,Data_Long_Form!$A:$A,Data_Pivot_Table!W$4)) -> 330.43076 | X37: =+IF(SUMIFS(Data_Long_Form!$D:$D,Data_Long_Form!$C:$C,Data_Pivot_Table!$V37,Data_Long_Form!$A:$A,Data_Pivot_Table!X$4)=0,"",SUMIFS(Data_Long_Form!$D:$D,Data_Long_Form!$C:$C,Data_Pivot_Table!$V37,Data_Long_Form!$A:$A,Data_Pivot_Table!X$4)) -> 326.3566 | Y37: =+IF(SUMIFS(Data_Long_Form!$D:$D,Data_Long_Form!$C:$C,Data_Pivot_Table!$V37,Data_Long_Form!$A:$A,Data_Pivot_Table!Y$4)=0,"",SUMIFS(Data_Long_Form!$D:$D,Data_Long_Form!$C:$C,Data_Pivot_Table!$V37,Data_Long_Form!$A:$A,Data_Pivot_Table!Y$4)) -> 215.85154 | Z37: =+IF(SUMIFS(Data_Long_Form!$D:$D,Data_Long_Form!$C:$C,Data_Pivot_Table!$V37,Data_Long_Form!$A:$A,Data_Pivot_Table!Z$4)=0,"",SUMIFS(Data_Long_Form!$D:$D,Data_Long_Form!$C:$C,Data_Pivot_Table!$V37,Data_Long_Form!$A:$A,Data_Pivot_Table!Z$4)) -> 322.83415 | AA37: =+IF(SUMIFS(Data_Long_Form!$D:$D,Data_Long_Form!$C:$C,Data_Pivot_Table!$V37,Data_Long_Form!$A:$A,Data_Pivot_Table!AA$4)=0,"",SUMIFS(Data_Long_Form!$D:$D,Data_Long_Form!$C:$C,Data_Pivot_Table!$V37,Data_Long_Form!$A:$A,Data_Pivot_Table!AA$4)) -> 329.46405 | AB37: =+IF(SUMIFS(Data_Long_Form!$D:$D,Data_Long_Form!$C:$C,Data_Pivot_Table!$V37,Data_Long_Form!$A:$A,Data_Pivot_Table!AB$4)=0,"",SUMIFS(Data_Long_Form!$D:$D,Data_Long_Form!$C:$C,Data_Pivot_Table!$V37,Data_Long_Form!$A:$A,Data_Pivot_Table!AB$4)) -> 441.73807 | AC37: =+IF(SUMIFS(Data_Long_Form!$D:$D,Data_Long_Form!$C:$C,Data_Pivot_Table!$V37,Data_Long_Form!$A:$A,Data_Pivot_Table!AC$4)=0,"",SUMIFS(Data_Long_Form!$D:$D,Data_Long_Form!$C:$C,Data_Pivot_Table!$V37,Data_Long_Form!$A:$A,Data_Pivot_Table!AC$4)) -> 436.07358
A38: 0.4200463 | B38: 1 | C38: 1 | D38: 1 | E38: 1 | F38: 1 | G38: 1 | H38: 1 | I38: 7 | K38: 0.4200463 | L38: 1 | M38: 1 | N38: 1 | O38: 1 | P38: 1 | Q38: 1 | R38: 1 | S38: 7 | V38: 0.4200463 | W38: =+IF(SUMIFS(Data_Long_Form!$D:$D,Data_Long_Form!$C:$C,Data_Pivot_Table!$V38,Data_Long_Form!$A:$A,Data_Pivot_Table!W$4)=0,"",SUMIFS(Data_Long_Form!$D:$D,Data_Long_Form!$C:$C,Data_Pivot_Table!$V38,Data_Long_Form!$A:$A,Data_Pivot_Table!W$4)) -> 320.62822 | X38: =+IF(SUMIFS(Data_Long_Form!$D:$D,Data_Long_Form!$C:$C,Data_Pivot_Table!$V38,Data_Long_Form!$A:$A,Data_Pivot_Table!X$4)=0,"",SUMIFS(Data_Long_Form!$D:$D,Data_Long_Form!$C:$C,Data_Pivot_Table!$V38,Data_Long_Form!$A:$A,Data_Pivot_Table!X$4)) -> 333.53553 | Y38: =+IF(SUMIFS(Data_Long_Form!$D:$D,Data_Long_Form!$C:$C,Data_Pivot_Table!$V38,Data_Long_Form!$A:$A,Data_Pivot_Table!Y$4)=0,"",SUMIFS(Data_Long_Form!$D:$D,Data_Long_Form!$C:$C,Data_Pivot_Table!$V38,Data_Long_Form!$A:$A,Data_Pivot_Table!Y$4)) -> 209.33095 | Z38: =+IF(SUMIFS(Data_Long_Form!$D:$D,Data_Long_Form!$C:$C,Data_Pivot_Table!$V38,Data_Long_Form!$A:$A,Data_Pivot_Table!Z$4)=0,"",SUMIFS(Data_Long_Form!$D:$D,Data_Long_Form!$C:$C,Data_Pivot_Table!$V38,Data_Long_Form!$A:$A,Data_Pivot_Table!Z$4)) -> 333.3395 | AA38: =+IF(SUMIFS(Data_Long_Form!$D:$D,Data_Long_Form!$C:$C,Data_Pivot_Table!$V38,Data_Long_Form!$A:$A,Data_Pivot_Table!AA$4)=0,"",SUMIFS(Data_Long_Form!$D:$D,Data_Long_Form!$C:$C,Data_Pivot_Table!$V38,Data_Long_Form!$A:$A,Data_Pivot_Table!AA$4)) -> 316.77853 | AB38: =+IF(SUMIFS(Data_Long_Form!$D:$D,Data_Long_Form!$C:$C,Data_Pivot_Table!$V38,Data_Long_Form!$A:$A,Data_Pivot_Table!AB$4)=0,"",SUMIFS(Data_Long_Form!$D:$D,Data_Long_Form!$C:$C,Data_Pivot_Table!$V38,Data_Long_Form!$A:$A,Data_Pivot_Table!AB$4)) -> 457.60189 | AC38: =+IF(SUMIFS(Data_Long_Form!$D:$D,Data_Long_Form!$C:$C,Data_Pivot_Table!$V38,Data_Long_Form!$A:$A,Data_Pivot_Table!AC$4)=0,"",SUMIFS(Data_Long_Form!$D:$D,Data_Long_Form!$C:$C,Data_Pivot_Table!$V38,Data_Long_Form!$A:$A,Data_Pivot_Table!AC$4)) -> 391.34138
A39: 0.42005787 | B39: 1 | C39: 1 | D39: 1 | E39: 1 | F39: 1 | G39: 1 | H39: 1 | I39: 7 | K39: 0.42005787 | L39: 1 | M39: 1 | N39: 1 | O39: 1 | P39: 1 | Q39: 1 | R39: 1 | S39: 7 | V39: 0.42005787 | W39: =+IF(SUMIFS(Data_Long_Form!$D:$D,Data_Long_Form!$C:$C,Data_Pivot_Table!$V39,Data_Long_Form!$A:$A,Data_Pivot_Table!W$4)=0,"",SUMIFS(Data_Long_Form!$D:$D,Data_Long_Form!$C:$C,Data_Pivot_Table!$V39,Data_Long_Form!$A:$A,Data_Pivot_Table!W$4)) -> 339.99598 | X39: =+IF(SUMIFS(Data_Long_Form!$D:$D,Data_Long_Form!$C:$C,Data_Pivot_Table!$V39,Data_Long_Form!$A:$A,Data_Pivot_Table!X$4)=0,"",SUMIFS(Data_Long_Form!$D:$D,Data_Long_Form!$C:$C,Data_Pivot_Table!$V39,Data_Long_Form!$A:$A,Data_Pivot_Table!X$4)) -> 332.33157 | Y39: =+IF(SUMIFS(Data_Long_Form!$D:$D,Data_Long_Form!$C:$C,Data_Pivot_Table!$V39,Data_Long_Form!$A:$A,Data_Pivot_Table!Y$4)=0,"",SUMIFS(Data_Long_Form!$D:$D,Data_Long_Form!$C:$C,Data_Pivot_Table!$V39,Data_Long_Form!$A:$A,Data_Pivot_Table!Y$4)) -> 202.97747 | Z39: =+IF(SUMIFS(Data_Long_Form!$D:$D,Data_Long_Form!$C:$C,Data_Pivot_Table!$V39,Data_Long_Form!$A:$A,Data_Pivot_Table!Z$4)=0,"",SUMIFS(Data_Long_Form!$D:$D,Data_Long_Form!$C:$C,Data_Pivot_Table!$V39,Data_Long_Form!$A:$A,Data_Pivot_Table!Z$4)) -> 344.94476 | AA39: =+IF(SUMIFS(Data_Long_Form!$D:$D,Data_Long_Form!$C:$C,Data_Pivot_Table!$V39,Data_Long_Form!$A:$A,Data_Pivot_Table!AA$4)=0,"",SUMIFS(Data_Long_Form!$D:$D,Data_Long_Form!$C:$C,Data_Pivot_Table!$V39,Data_Long_Form!$A:$A,Data_Pivot_Table!AA$4)) -> 335.51353 | AB39: =+IF(SUMIFS(Data_Long_Form!$D:$D,Data_Long_Form!$C:$C,Data_Pivot_Table!$V39,Data_Long_Form!$A:$A,Data_Pivot_Table!AB$4)=0,"",SUMIFS(Data_Long_Form!$D:$D,Data_Long_Form!$C:$C,Data_Pivot_Table!$V39,Data_Long_Form!$A:$A,Data_Pivot_Table!AB$4)) -> 431.31615 | AC39: =+IF(SUMIFS(Data_Long_Form!$D:$D,Data_Long_Form!$C:$C,Data_Pivot_Table!$V39,Data_Long_Form!$A:$A,Data_Pivot_Table!AC$4)=0,"",SUMIFS(Data_Long_Form!$D:$D,Data_Long_Form!$C:$C,Data_Pivot_Table!$V39,Data_Long_Form!$A:$A,Data_Pivot_Table!AC$4)) -> 376.86761
A40: 0.42006944 | B40: 1 | C40: 1 | D40: 1 | E40: 1 | F40: 1 | G40: 1 | H40: 1 | I40: 7 | K40: 0.42006944 | L40: 1 | M40: 1 | N40: 1 | O40: 1 | P40: 1 | Q40: 1 | R40: 1 | S40: 7 | V40: 0.42006944 | W40: =+IF(SUMIFS(Data_Long_Form!$D:$D,Data_Long_Form!$C:$C,Data_Pivot_Table!$V40,Data_Long_Form!$A:$A,Data_Pivot_Table!W$4)=0,"",SUMIFS(Data_Long_Form!$D:$D,Data_Long_Form!$C:$C,Data_Pivot_Table!$V40,Data_Long_Form!$A:$A,Data_Pivot_Table!W$4)) -> 336.79356 | X40: =+IF(SUMIFS(Data_Long_Form!$D:$D,Data_Long_Form!$C:$C,Data_Pivot_Table!$V40,Data_Long_Form!$A:$A,Data_Pivot_Table!X$4)=0,"",SUMIFS(Data_Long_Form!$D:$D,Data_Long_Form!$C:$C,Data_Pivot_Table!$V40,Data_Long_Form!$A:$A,Data_Pivot_Table!X$4)) -> 328.22235 | Y40: =+IF(SUMIFS(Data_Long_Form!$D:$D,Data_Long_Form!$C:$C,Data_Pivot_Table!$V40,Data_Long_Form!$A:$A,Data_Pivot_Table!Y$4)=0,"",SUMIFS(Data_Long_Form!$D:$D,Data_Long_Form!$C:$C,Data_Pivot_Table!$V40,Data_Long_Form!$A:$A,Data_Pivot_Table!Y$4)) -> 193.98259 | Z40: =+IF(SUMIFS(Data_Long_Form!$D:$D,Data_Long_Form!$C:$C,Data_Pivot_Table!$V40,Data_Long_Form!$A:$A,Data_Pivot_Table!Z$4)=0,"",SUMIFS(Data_Long_Form!$D:$D,Data_Long_Form!$C:$C,Data_Pivot_Table!$V40,Data_Long_Form!$A:$A,Data_Pivot_Table!Z$4)) -> 343.656 | AA40: =+IF(SUMIFS(Data_Long_Form!$D:$D,Data_Long_Form!$C:$C,Data_Pivot_Table!$V40,Data_Long_Form!$A:$A,Data_Pivot_Table!AA$4)=0,"",SUMIFS(Data_Long_Form!$D:$D,Data_Long_Form!$C:$C,Data_Pivot_Table!$V40,Data_Long_Form!$A:$A,Data_Pivot_Table!AA$4)) -> 331.21769 | AB40: =+IF(SUMIFS(Data_Long_Form!$D:$D,Data_Long_Form!$C:$C,Data_Pivot_Table!$V40,Data_Long_Form!$A:$A,Data_Pivot_Table!AB$4)=0,"",SUMIFS(Data_Long_Form!$D:$D,Data_Long_Form!$C:$C,Data_Pivot_Table!$V40,Data_Long_Form!$A:$A,Data_Pivot_Table!AB$4)) -> 428.26384 | AC40: =+IF(SUMIFS(Data_Long_Form!$D:$D,Data_Long_Form!$C:$C,Data_Pivot_Table!$V40,Data_Long_Form!$A:$A,Data_Pivot_Table!AC$4)=0,"",SUMIFS(Data_Long_Form!$D:$D,Data_Long_Form!$C:$C,Data_Pivot_Table!$V40,Data_Long_Form!$A:$A,Data_Pivot_Table!AC$4)) -> 368.66815
A41: 0.42008102 | B41: 1 | C41: 1 | D41: 1 | E41: 1 | F41: 1 | G41: 1 | H41: 1 | I41: 7 | K41: 0.42008102 | L41: 1 | M41: 1 | N41: 1 | O41: 1 | P41: 1 | Q41: 1 | R41: 1 | S41: 7 | V41: 0.42008102 | W41: =+IF(SUMIFS(Data_Long_Form!$D:$D,Data_Long_Form!$C:$C,Data_Pivot_Table!$V41,Data_Long_Form!$A:$A,Data_Pivot_Table!W$4)=0,"",SUMIFS(Data_Long_Form!$D:$D,Data_Long_Form!$C:$C,Data_Pivot_Table!$V41,Data_Long_Form!$A:$A,Data_Pivot_Table!W$4)) -> 338.15096 | X41: =+IF(SUMIFS(Data_Long_Form!$D:$D,Data_Long_Form!$C:$C,Data_Pivot_Table!$V41,Data_Long_Form!$A:$A,Data_Pivot_Table!X$4)=0,"",SUMIFS(Data_Long_Form!$D:$D,Data_Long_Form!$C:$C,Data_Pivot_Table!$V41,Data_Long_Form!$A:$A,Data_Pivot_Table!X$4)) -> 326.82399 | Y41: =+IF(SUMIFS(Data_Long_Form!$D:$D,Data_Long_Form!$C:$C,Data_Pivot_Table!$V41,Data_Long_Form!$A:$A,Data_Pivot_Table!Y$4)=0,"",SUMIFS(Data_Long_Form!$D:$D,Data_Long_Form!$C:$C,Data_Pivot_Table!$V41,Data_Long_Form!$A:$A,Data_Pivot_Table!Y$4)) -> 196.56633 | Z41: =+IF(SUMIFS(Data_Long_Form!$D:$D,Data_Long_Form!$C:$C,Data_Pivot_Table!$V41,Data_Long_Form!$A:$A,Data_Pivot_Table!Z$4)=0,"",SUMIFS(Data_Long_Form!$D:$D,Data_Long_Form!$C:$C,Data_Pivot_Table!$V41,Data_Long_Form!$A:$A,Data_Pivot_Table!Z$4)) -> 342.07672 | AA41: =+IF(SUMIFS(Data_Long_Form!$D:$D,Data_Long_Form!$C:$C,Data_Pivot_Table!$V41,Data_Long_Form!$A:$A,Data_Pivot_Table!AA$4)=0,"",SUMIFS(Data_Long_Form!$D:$D,Data_Long_Form!$C:$C,Data_Pivot_Table!$V41,Data_Long_Form!$A:$A,Data_Pivot_Table!AA$4)) -> 333.88514 | AB41: =+IF(SUMIFS(Data_Long_Form!$D:$D,Data_Long_Form!$C:$C,Data_Pivot_Table!$V41,Data_Long_Form!$A:$A,Data_Pivot_Table!AB$4)=0,"",SUMIFS(Data_Long_Form!$D:$D,Data_Long_Form!$C:$C,Data_Pivot_Table!$V41,Data_Long_Form!$A:$A,Data_Pivot_Table!AB$4)) -> 432.11906 | AC41: =+IF(SUMIFS(Data_Long_Form!$D:$D,Data_Long_Form!$C:$C,Data_Pivot_Table!$V41,Data_Long_Form!$A:$A,Data_Pivot_Table!AC$4)=0,"",SUMIFS(Data_Long_Form!$D:$D,Data_Long_Form!$C:$C,Data_Pivot_Table!$V41,Data_Long_Form!$A:$A,Data_Pivot_Table!AC$4)) -> 368.72815
A42: 0.42009259 | B42: 1 | C42: 1 | D42: 1 | E42: 1 | F42: 1 | G42: 1 | H42: 1 | I42: 7 | K42: 0.42009259 | L42: 1 | M42: 1 | N42: 1 | O42: 1 | P42: 1 | Q42: 1 | R42: 1 | S42: 7 | V42: 0.42009259 | W42: =+IF(SUMIFS(Data_Long_Form!$D:$D,Data_Long_Form!$C:$C,Data_Pivot_Table!$V42,Data_Long_Form!$A:$A,Data_Pivot_Table!W$4)=0,"",SUMIFS(Data_Long_Form!$D:$D,Data_Long_Form!$C:$C,Data_Pivot_Table!$V42,Data_Long_Form!$A:$A,Data_Pivot_Table!W$4)) -> 349.86495 | X42: =+IF(SUMIFS(Data_Long_Form!$D:$D,Data_Long_Form!$C:$C,Data_Pivot_Table!$V42,Data_Long_Form!$A:$A,Data_Pivot_Table!X$4)=0,"",SUMIFS(Data_Long_Form!$D:$D,Data_Long_Form!$C:$C,Data_Pivot_Table!$V42,Data_Long_Form!$A:$A,Data_Pivot_Table!X$4)) -> 336.4404 | Y42: =+IF(SUMIFS(Data_Long_Form!$D:$D,Data_Long_Form!$C:$C,Data_Pivot_Table!$V42,Data_Long_Form!$A:$A,Data_Pivot_Table!Y$4)=0,"",SUMIFS(Data_Long_Form!$D:$D,Data_Long_Form!$C:$C,Data_Pivot_Table!$V42,Data_Long_Form!$A:$A,Data_Pivot_Table!Y$4)) -> 214.85258 | Z42: =+IF(SUMIFS(Data_Long_Form!$D:$D,Data_Long_Form!$C:$C,Data_Pivot_Table!$V42,Data_Long_Form!$A:$A,Data_Pivot_Table!Z$4)=0,"",SUMIFS(Data_Long_Form!$D:$D,Data_Long_Form!$C:$C,Data_Pivot_Table!$V42,Data_Long_Form!$A:$A,Data_Pivot_Table!Z$4)) -> 351.43272 | AA42: =+IF(SUMIFS(Data_Long_Form!$D:$D,Data_Long_Form!$C:$C,Data_Pivot_Table!$V42,Data_Long_Form!$A:$A,Data_Pivot_Table!AA$4)=0,"",SUMIFS(Data_Long_Form!$D:$D,Data_Long_Form!$C:$C,Data_Pivot_Table!$V42,Data_Long_Form!$A:$A,Data_Pivot_Table!AA$4)) -> 350.58842 | AB42: =+IF(SUMIFS(Data_Long_Form!$D:$D,Data_Long_Form!$C:$C,Data_Pivot_Table!$V42,Data_Long_Form!$A:$A,Data_Pivot_Table!AB$4)=0,"",SUMIFS(Data_Long_Form!$D:$D,Data_Long_Form!$C:$C,Data_Pivot_Table!$V42,Data_Long_Form!$A:$A,Data_Pivot_Table!AB$4)) -> 454.06272 | AC42: =+IF(SUMIFS(Data_Long_Form!$D:$D,Data_Long_Form!$C:$C,Data_Pivot_Table!$V42,Data_Long_Form!$A:$A,Data_Pivot_Table!AC$4)=0,"",SUMIFS(Data_Long_Form!$D:$D,Data_Long_Form!$C:$C,Data_Pivot_Table!$V42,Data_Long_Form!$A:$A,Data_Pivot_Table!AC$4)) -> 421.89439
A43: 0.42010417 | B43: 1 | C43: 1 | D43: 1 | E43: 1 | F43: 1 | G43: 1 | H43: 1 | I43: 7 | K43: 0.42010417 | L43: 1 | M43: 1 | N43: 1 | O43: 1 | P43: 1 | Q43: 1 | R43: 1 | S43: 7 | V43: 0.42010417 | W43: =+IF(SUMIFS(Data_Long_Form!$D:$D,Data_Long_Form!$C:$C,Data_Pivot_Table!$V43,Data_Long_Form!$A:$A,Data_Pivot_Table!W$4)=0,"",SUMIFS(Data_Long_Form!$D:$D,Data_Long_Form!$C:$C,Data_Pivot_Table!$V43,Data_Long_Form!$A:$A,Data_Pivot_Table!W$4)) -> 349.63506 | X43: =+IF(SUMIFS(Data_Long_Form!$D:$D,Data_Long_Form!$C:$C,Data_Pivot_Table!$V43,Data_Long_Form!$A:$A,Data_Pivot_Table!X$4)=0,"",SUMIFS(Data_Long_Form!$D:$D,Data_Long_Form!$C:$C,Data_Pivot_Table!$V43,Data_Long_Form!$A:$A,Data_Pivot_Table!X$4)) -> 334.61819 | Y43: =+IF(SUMIFS(Data_Long_Form!$D:$D,Data_Long_Form!$C:$C,Data_Pivot_Table!$V43,Data_Long_Form!$A:$A,Data_Pivot_Table!Y$4)=0,"",SUMIFS(Data_Long_Form!$D:$D,Data_Long_Form!$C:$C,Data_Pivot_Table!$V43,Data_Long_Form!$A:$A,Data_Pivot_Table!Y$4)) -> 208.76446 | Z43: =+IF(SUMIFS(Data_Long_Form!$D:$D,Data_Long_Form!$C:$C,Data_Pivot_Table!$V43,Data_Long_Form!$A:$A,Data_Pivot_Table!Z$4)=0,"",SUMIFS(Data_Long_Form!$D:$D,Data_Long_Form!$C:$C,Data_Pivot_Table!$V43,Data_Long_Form!$A:$A,Data_Pivot_Table!Z$4)) -> 348.21796 | AA43: =+IF(SUMIFS(Data_Long_Form!$D:$D,Data_Long_Form!$C:$C,Data_Pivot_Table!$V43,Data_Long_Form!$A:$A,Data_Pivot_Table!AA$4)=0,"",SUMIFS(Data_Long_Form!$D:$D,Data_Long_Form!$C:$C,Data_Pivot_Table!$V43,Data_Long_Form!$A:$A,Data_Pivot_Table!AA$4)) -> 338.12761 | AB43: =+IF(SUMIFS(Data_Long_Form!$D:$D,Data_Long_Form!$C:$C,Data_Pivot_Table!$V43,Data_Long_Form!$A:$A,Data_Pivot_Table!AB$4)=0,"",SUMIFS(Data_Long_Form!$D:$D,Data_Long_Form!$C:$C,Data_Pivot_Table!$V43,Data_Long_Form!$A:$A,Data_Pivot_Table!AB$4)) -> 440.4345 | AC43: =+IF(SUMIFS(Data_Long_Form!$D:$D,Data_Long_Form!$C:$C,Data_Pivot_Table!$V43,Data_Long_Form!$A:$A,Data_Pivot_Table!AC$4)=0,"",SUMIFS(Data_Long_Form!$D:$D,Data_Long_Form!$C:$C,Data_Pivot_Table!$V43,Data_Long_Form!$A:$A,Data_Pivot_Table!AC$4)) -> 377.57906
... A47: 0.42015046 | B47: 1 | C47: 1 | D47: 1 | E47: 1 | F47: 1 | G47: 1 | H47: 1 | I47: 7 | K47: 0.42015046 | L47: 1 | M47: 1 | N47: 1 | O47: 1 | P47: 1 | Q47: 1 | R47: 1 | S47: 7 | V47: 0.42015046 | W47: =+IF(SUMIFS(Data_Long_Form!$D:$D,Data_Long_Form!$C:$C,Data_Pivot_Table!$V47,Data_Long_Form!$A:$A,Data_Pivot_Table!W$4)=0,"",SUMIFS(Data_Long_Form!$D:$D,Data_Long_Form!$C:$C,Data_Pivot_Table!$V47,Data_Long_Form!$A:$A,Data_Pivot_Table!W$4)) -> 341.58313 | X47: =+IF(SUMIFS(Data_Long_Form!$D:$D,Data_Long_Form!$C:$C,Data_Pivot_Table!$V47,Data_Long_Form!$A:$A,Data_Pivot_Table!X$4)=0,"",SUMIFS(Data_Long_Form!$D:$D,Data_Long_Form!$C:$C,Data_Pivot_Table!$V47,Data_Long_Form!$A:$A,Data_Pivot_Table!X$4)) -> 331.60905 | Y47: =+IF(SUMIFS(Data_Long_Form!$D:$D,Data_Long_Form!$C:$C,Data_Pivot_Table!$V47,Data_Long_Form!$A:$A,Data_Pivot_Table!Y$4)=0,"",SUMIFS(Data_Long_Form!$D:$D,Data_Long_Form!$C:$C,Data_Pivot_Table!$V47,Data_Long_Form!$A:$A,Data_Pivot_Table!Y$4)) -> 205.53841 | Z47: =+IF(SUMIFS(Data_Long_Form!$D:$D,Data_Long_Form!$C:$C,Data_Pivot_Table!$V47,Data_Long_Form!$A:$A,Data_Pivot_Table!Z$4)=0,"",SUMIFS(Data_Long_Form!$D:$D,Data_Long_Form!$C:$C,Data_Pivot_Table!$V47,Data_Long_Form!$A:$A,Data_Pivot_Table!Z$4)) -> 344.5048 | AA47: =+IF(SUMIFS(Data_Long_Form!$D:$D,Data_Long_Form!$C:$C,Data_Pivot_Table!$V47,Data_Long_Form!$A:$A,Data_Pivot_Table!AA$4)=0,"",SUMIFS(Data_Long_Form!$D:$D,Data_Long_Form!$C:$C,Data_Pivot_Table!$V47,Data_Long_Form!$A:$A,Data_Pivot_Table!AA$4)) -> 331.14923 | AB47: =+IF(SUMIFS(Data_Long_Form!$D:$D,Data_Long_Form!$C:$C,Data_Pivot_Table!$V47,Data_Long_Form!$A:$A,Data_Pivot_Table!AB$4)=0,"",SUMIFS(Data_Long_Form!$D:$D,Data_Long_Form!$C:$C,Data_Pivot_Table!$V47,Data_Long_Form!$A:$A,Data_Pivot_Table!AB$4)) -> 447.17681 | AC47: =+IF(SUMIFS(Data_Long_Form!$D:$D,Data_Long_Form!$C:$C,Data_Pivot_Table!$V47,Data_Long_Form!$A:$A,Data_Pivot_Table!AC$4)=0,"",SUMIFS(Data_Long_Form!$D:$D,Data_Long_Form!$C:$C,Data_Pivot_Table!$V47,Data_Long_Form!$A:$A,Data_Pivot_Table!AC$4)) -> 361.5741
A48: 0.42119213 | B48: 1 | D48: 1 | F48: 1 | G48: 1 | H48: 1 | I48: 5 | K48: 0.42119213 | L48: 1 | M48: 1 | N48: 1 | O48: 1 | Q48: 1 | S48: 5 | V48: 0.42119213 | W48: =+IF(SUMIFS(Data_Long_Form!$D:$D,Data_Long_Form!$C:$C,Data_Pivot_Table!$V48,Data_Long_Form!$A:$A,Data_Pivot_Table!W$4)=0,"",SUMIFS(Data_Long_Form!$D:$D,Data_Long_Form!$C:$C,Data_Pivot_Table!$V48,Data_Long_Form!$A:$A,Data_Pivot_Table!W$4)) -> 385.23092 | X48: =+IF(SUMIFS(Data_Long_Form!$D:$D,Data_Long_Form!$C:$C,Data_Pivot_Table!$V48,Data_Long_Form!$A:$A,Data_Pivot_Table!X$4)=0,"",SUMIFS(Data_Long_Form!$D:$D,Data_Long_Form!$C:$C,Data_Pivot_Table!$V48,Data_Long_Form!$A:$A,Data_Pivot_Table!X$4)) -> 430.40595 | Y48: =+IF(SUMIFS(Data_Long_Form!$D:$D,Data_Long_Form!$C:$C,Data_Pivot_Table!$V48,Data_Long_Form!$A:$A,Data_Pivot_Table!Y$4)=0,"",SUMIFS(Data_Long_Form!$D:$D,Data_Long_Form!$C:$C,Data_Pivot_Table!$V48,Data_Long_Form!$A:$A,Data_Pivot_Table!Y$4)) -> 265.53563 | Z48: =+IF(SUMIFS(Data_Long_Form!$D:$D,Data_Long_Form!$C:$C,Data_Pivot_Table!$V48,Data_Long_Form!$A:$A,Data_Pivot_Table!Z$4)=0,"",SUMIFS(Data_Long_Form!$D:$D,Data_Long_Form!$C:$C,Data_Pivot_Table!$V48,Data_Long_Form!$A:$A,Data_Pivot_Table!Z$4)) -> 542.67657 | AA48: =+IF(SUMIFS(Data_Long_Form!$D:$D,Data_Long_Form!$C:$C,Data_Pivot_Table!$V48,Data_Long_Form!$A:$A,Data_Pivot_Table!AA$4)=0,"",SUMIFS(Data_Long_Form!$D:$D,Data_Long_Form!$C:$C,Data_Pivot_Table!$V48,Data_Long_Form!$A:$A,Data_Pivot_Table!AA$4)) | AB48: =+IF(SUMIFS(Data_Long_Form!$D:$D,Data_Long_Form!$C:$C,Data_Pivot_Table!$V48,Data_Long_Form!$A:$A,Data_Pivot_Table!AB$4)=0,"",SUMIFS(Data_Long_Form!$D:$D,Data_Long_Form!$C:$C,Data_Pivot_Table!$V48,Data_Long_Form!$A:$A,Data_Pivot_Table!AB$4)) -> 522.15221 | AC48: =+IF(SUMIFS(Data_Long_Form!$D:$D,Data_Long_Form!$C:$C,Data_Pivot_Table!$V48,Data_Long_Form!$A:$A,Data_Pivot_Table!AC$4)=0,"",SUMIFS(Data_Long_Form!$D:$D,Data_Long_Form!$C:$C,Data_Pivot_Table!$V48,Data_Long_Form!$A:$A,Data_Pivot_Table!AC$4))
A49: 0.4212037 | B49: 1 | D49: 1 | G49: 1 | H49: 1 | I49: 4 | K49: 0.4212037 | M49: 1 | N49: 1 | O49: 1 | Q49: 1 | S49: 4 | V49: 0.4212037 | W49: =+IF(SUMIFS(Data_Long_Form!$D:$D,Data_Long_Form!$C:$C,Data_Pivot_Table!$V49,Data_Long_Form!$A:$A,Data_Pivot_Table!W$4)=0,"",SUMIFS(Data_Long_Form!$D:$D,Data_Long_Form!$C:$C,Data_Pivot_Table!$V49,Data_Long_Form!$A:$A,Data_Pivot_Table!W$4)) | X49: =+IF(SUMIFS(Data_Long_Form!$D:$D,Data_Long_Form!$C:$C,Data_Pivot_Table!$V49,Data_Long_Form!$A:$A,Data_Pivot_Table!X$4)=0,"",SUMIFS(Data_Long_Form!$D:$D,Data_Long_Form!$C:$C,Data_Pivot_Table!$V49,Data_Long_Form!$A:$A,Data_Pivot_Table!X$4)) -> 428.73936 | Y49: =+IF(SUMIFS(Data_Long_Form!$D:$D,Data_Long_Form!$C:$C,Data_Pivot_Table!$V49,Data_Long_Form!$A:$A,Data_Pivot_Table!Y$4)=0,"",SUMIFS(Data_Long_Form!$D:$D,Data_Long_Form!$C:$C,Data_Pivot_Table!$V49,Data_Long_Form!$A:$A,Data_Pivot_Table!Y$4)) -> 269.37125 | Z49: =+IF(SUMIFS(Data_Long_Form!$D:$D,Data_Long_Form!$C:$C,Data_Pivot_Table!$V49,Data_Long_Form!$A:$A,Data_Pivot_Table!Z$4)=0,"",SUMIFS(Data_Long_Form!$D:$D,Data_Long_Form!$C:$C,Data_Pivot_Table!$V49,Data_Long_Form!$A:$A,Data_Pivot_Table!Z$4)) -> 515.92799 | AA49: =+IF(SUMIFS(Data_Long_Form!$D:$D,Data_Long_Form!$C:$C,Data_Pivot_Table!$V49,Data_Long_Form!$A:$A,Data_Pivot_Table!AA$4)=0,"",SUMIFS(Data_Long_Form!$D:$D,Data_Long_Form!$C:$C,Data_Pivot_Table!$V49,Data_Long_Form!$A:$A,Data_Pivot_Table!AA$4)) | AB49: =+IF(SUMIFS(Data_Long_Form!$D:$D,Data_Long_Form!$C:$C,Data_Pivot_Table!$V49,Data_Long_Form!$A:$A,Data_Pivot_Table!AB$4)=0,"",SUMIFS(Data_Long_Form!$D:$D,Data_Long_Form!$C:$C,Data_Pivot_Table!$V49,Data_Long_Form!$A:$A,Data_Pivot_Table!AB$4)) -> 529.34886 | AC49: =+IF(SUMIFS(Data_Long_Form!$D:$D,Data_Long_Form!$C:$C,Data_Pivot_Table!$V49,Data_Long_Form!$A:$A,Data_Pivot_Table!AC$4)=0,"",SUMIFS(Data_Long_Form!$D:$D,Data_Long_Form!$C:$C,Data_Pivot_Table!$V49,Data_Long_Form!$A:$A,Data_Pivot_Table!AC$4))
A50: 0.42121528 | B50: 1 | D50: 1 | G50: 1 | I50: 3 | K50: 0.42121528 | M50: 1 | O50: 1 | Q50: 1 | S50: 3 | V50: 0.42121528 | W50: =+IF(SUMIFS(Data_Long_Form!$D:$D,Data_Long_Form!$C:$C,Data_Pivot_Table!$V50,Data_Long_Form!$A:$A,Data_Pivot_Table!W$4)=0,"",SUMIFS(Data_Long_Form!$D:$D,Data_Long_Form!$C:$C,Data_Pivot_Table!$V50,Data_Long_Form!$A:$A,Data_Pivot_Table!W$4)) | X50: =+IF(SUMIFS(Data_Long_Form!$D:$D,Data_Long_Form!$C:$C,Data_Pivot_Table!$V50,Data_Long_Form!$A:$A,Data_Pivot_Table!X$4)=0,"",SUMIFS(Data_Long_Form!$D:$D,Data_Long_Form!$C:$C,Data_Pivot_Table!$V50,Data_Long_Form!$A:$A,Data_Pivot_Table!X$4)) -> 435.9746 | Y50: =+IF(SUMIFS(Data_Long_Form!$D:$D,Data_Long_Form!$C:$C,Data_Pivot_Table!$V50,Data_Long_Form!$A:$A,Data_Pivot_Table!Y$4)=0,"",SUMIFS(Data_Long_Form!$D:$D,Data_Long_Form!$C:$C,Data_Pivot_Table!$V50,Data_Long_Form!$A:$A,Data_Pivot_Table!Y$4)) | Z50: =+IF(SUMIFS(Data_Long_Form!$D:$D,Data_Long_Form!$C:$C,Data_Pivot_Table!$V50,Data_Long_Form!$A:$A,Data_Pivot_Table!Z$4)=0,"",SUMIFS(Data_Long_Form!$D:$D,Data_Long_Form!$C:$C,Data_Pivot_Table!$V50,Data_Long_Form!$A:$A,Data_Pivot_Table!Z$4)) -> 525.10134 | AA50: =+IF(SUMIFS(Data_Long_Form!$D:$D,Data_Long_Form!$C:$C,Data_Pivot_Table!$V50,Data_Long_Form!$A:$A,Data_Pivot_Table!AA$4)=0,"",SUMIFS(Data_Long_Form!$D:$D,Data_Long_Form!$C:$C,Data_Pivot_Table!$V50,Data_Long_Form!$A:$A,Data_Pivot_Table!AA$4)) | AB50: =+IF(SUMIFS(Data_Long_Form!$D:$D,Data_Long_Form!$C:$C,Data_Pivot_Table!$V50,Data_Long_Form!$A:$A,Data_Pivot_Table!AB$4)=0,"",SUMIFS(Data_Long_Form!$D:$D,Data_Long_Form!$C:$C,Data_Pivot_Table!$V50,Data_Long_Form!$A:$A,Data_Pivot_Table!AB$4)) -> 545.12854 | AC50: =+IF(SUMIFS(Data_Long_Form!$D:$D,Data_Long_Form!$C:$C,Data_Pivot_Table!$V50,Data_Long_Form!$A:$A,Data_Pivot_Table!AC$4)=0,"",SUMIFS(Data_Long_Form!$D:$D,Data_Long_Form!$C:$C,Data_Pivot_Table!$V50,Data_Long_Form!$A:$A,Data_Pivot_Table!AC$4))
A51: 0.42122685 | B51: 1 | E51: 1 | G51: 1 | I51: 3 | K51: 0.42122685 | M51: 1 | O51: 1 | R51: 1 | S51: 3 | V51: 0.42122685 | W51: =+IF(SUMIFS(Data_Long_Form!$D:$D,Data_Long_Form!$C:$C,Data_Pivot_Table!$V51,Data_Long_Form!$A:$A,Data_Pivot_Table!W$4)=0,"",SUMIFS(Data_Long_Form!$D:$D,Data_Long_Form!$C:$C,Data_Pivot_Table!$V51,Data_Long_Form!$A:$A,Data_Pivot_Table!W$4)) | X51: =+IF(SUMIFS(Data_Long_Form!$D:$D,Data_Long_Form!$C:$C,Data_Pivot_Table!$V51,Data_Long_Form!$A:$A,Data_Pivot_Table!X$4)=0,"",SUMIFS(Data_Long_Form!$D:$D,Data_Long_Form!$C:$C,Data_Pivot_Table!$V51,Data_Long_Form!$A:$A,Data_Pivot_Table!X$4)) -> 435.68446 | Y51: =+IF(SUMIFS(Data_Long_Form!$D:$D,Data_Long_Form!$C:$C,Data_Pivot_Table!$V51,Data_Long_Form!$A:$A,Data_Pivot_Table!Y$4)=0,"",SUMIFS(Data_Long_Form!$D:$D,Data_Long_Form!$C:$C,Data_Pivot_Table!$V51,Data_Long_Form!$A:$A,Data_Pivot_Table!Y$4)) | Z51: =+IF(SUMIFS(Data_Long_Form!$D:$D,Data_Long_Form!$C:$C,Data_Pivot_Table!$V51,Data_Long_Form!$A:$A,Data_Pivot_Table!Z$4)=0,"",SUMIFS(Data_Long_Form!$D:$D,Data_Long_Form!$C:$C,Data_Pivot_Table!$V51,Data_Long_Form!$A:$A,Data_Pivot_Table!Z$4)) -> 553.96292 | AA51: =+IF(SUMIFS(Data_Long_Form!$D:$D,Data_Long_Form!$C:$C,Data_Pivot_Table!$V51,Data_Long_Form!$A:$A,Data_Pivot_Table!AA$4)=0,"",SUMIFS(Data_Long_Form!$D:$D,Data_Long_Form!$C:$C,Data_Pivot_Table!$V51,Data_Long_Form!$A:$A,Data_Pivot_Table!AA$4)) | AB51: =+IF(SUMIFS(Data_Long_Form!$D:$D,Data_Long_Form!$C:$C,Data_Pivot_Table!$V51,Data_Long_Form!$A:$A,Data_Pivot_Table!AB$4)=0,"",SUMIFS(Data_Long_Form!$D:$D,Data_Long_Form!$C:$C,Data_Pivot_Table!$V51,Data_Long_Form!$A:$A,Data_Pivot_Table!AB$4)) | AC51: =+IF(SUMIFS(Data_Long_Form!$D:$D,Data_Long_Form!$C:$C,Data_Pivot_Table!$V51,Data_Long_Form!$A:$A,Data_Pivot_Table!AC$4)=0,"",SUMIFS(Data_Long_Form!$D:$D,Data_Long_Form!$C:$C,Data_Pivot_Table!$V51,Data_Long_Form!$A:$A,Data_Pivot_Table!AC$4)) -> 322.00829
A52: 0.42123843 | B52: 1 | D52: 1 | G52: 1 | H52: 1 | I52: 4 | K52: 0.42123843 | M52: 1 | N52: 1 | O52: 1 | Q52: 1 | S52: 4 | V52: 0.42123843 | W52: =+IF(SUMIFS(Data_Long_Form!$D:$D,Data_Long_Form!$C:$C,Data_Pivot_Table!$V52,Data_Long_Form!$A:$A,Data_Pivot_Table!W$4)=0,"",SUMIFS(Data_Long_Form!$D:$D,Data_Long_Form!$C:$C,Data_Pivot_Table!$V52,Data_Long_Form!$A:$A,Data_Pivot_Table!W$4)) | X52: =+IF(SUMIFS(Data_Long_Form!$D:$D,Data_Long_Form!$C:$C,Data_Pivot_Table!$V52,Data_Long_Form!$A:$A,Data_Pivot_Table!X$4)=0,"",SUMIFS(Data_Long_Form!$D:$D,Data_Long_Form!$C:$C,Data_Pivot_Table!$V52,Data_Long_Form!$A:$A,Data_Pivot_Table!X$4)) -> 436.95353 | Y52: =+IF(SUMIFS(Data_Long_Form!$D:$D,Data_Long_Form!$C:$C,Data_Pivot_Table!$V52,Data_Long_Form!$A:$A,Data_Pivot_Table!Y$4)=0,"",SUMIFS(Data_Long_Form!$D:$D,Data_Long_Form!$C:$C,Data_Pivot_Table!$V52,Data_Long_Form!$A:$A,Data_Pivot_Table!Y$4)) -> 236.01346 | Z52: =+IF(SUMIFS(Data_Long_Form!$D:$D,Data_Long_Form!$C:$C,Data_Pivot_Table!$V52,Data_Long_Form!$A:$A,Data_Pivot_Table!Z$4)=0,"",SUMIFS(Data_Long_Form!$D:$D,Data_Long_Form!$C:$C,Data_Pivot_Table!$V52,Data_Long_Form!$A:$A,Data_Pivot_Table!Z$4)) -> 536.81968 | AA52: =+IF(SUMIFS(Data_Long_Form!$D:$D,Data_Long_Form!$C:$C,Data_Pivot_Table!$V52,Data_Long_Form!$A:$A,Data_Pivot_Table!AA$4)=0,"",SUMIFS(Data_Long_Form!$D:$D,Data_Long_Form!$C:$C,Data_Pivot_Table!$V52,Data_Long_Form!$A:$A,Data_Pivot_Table!AA$4)) | AB52: =+IF(SUMIFS(Data_Long_Form!$D:$D,Data_Long_Form!$C:$C,Data_Pivot_Table!$V52,Data_Long_Form!$A:$A,Data_Pivot_Table!AB$4)=0,"",SUMIFS(Data_Long_Form!$D:$D,Data_Long_Form!$C:$C,Data_Pivot_Table!$V52,Data_Long_Form!$A:$A,Data_Pivot_Table!AB$4)) -> 483.91082 | AC52: =+IF(SUMIFS(Data_Long_Form!$D:$D,Data_Long_Form!$C:$C,Data_Pivot_Table!$V52,Data_Long_Form!$A:$A,Data_Pivot_Table!AC$4)=0,"",SUMIFS(Data_Long_Form!$D:$D,Data_Long_Form!$C:$C,Data_Pivot_Table!$V52,Data_Long_Form!$A:$A,Data_Pivot_Table!AC$4))
A53: 0.42125 | G53: 1 | H53: 1 | I53: 2 | K53: 0.42125 | M53: 1 | N53: 1 | S53: 2 | V53: 0.42125 | W53: =+IF(SUMIFS(Data_Long_Form!$D:$D,Data_Long_Form!$C:$C,Data_Pivot_Table!$V53,Data_Long_Form!$A:$A,Data_Pivot_Table!W$4)=0,"",SUMIFS(Data_Long_Form!$D:$D,Data_Long_Form!$C:$C,Data_Pivot_Table!$V53,Data_Long_Form!$A:$A,Data_Pivot_Table!W$4)) | X53: =+IF(SUMIFS(Data_Long_Form!$D:$D,Data_Long_Form!$C:$C,Data_Pivot_Table!$V53,Data_Long_Form!$A:$A,Data_Pivot_Table!X$4)=0,"",SUMIFS(Data_Long_Form!$D:$D,Data_Long_Form!$C:$C,Data_Pivot_Table!$V53,Data_Long_Form!$A:$A,Data_Pivot_Table!X$4)) -> 412.54833 | Y53: =+IF(SUMIFS(Data_Long_Form!$D:$D,Data_Long_Form!$C:$C,Data_Pivot_Table!$V53,Data_Long_Form!$A:$A,Data_Pivot_Table!Y$4)=0,"",SUMIFS(Data_Long_Form!$D:$D,Data_Long_Form!$C:$C,Data_Pivot_Table!$V53,Data_Long_Form!$A:$A,Data_Pivot_Table!Y$4)) -> 248.53094 | Z53: =+IF(SUMIFS(Data_Long_Form!$D:$D,Data_Long_Form!$C:$C,Data_Pivot_Table!$V53,Data_Long_Form!$A:$A,Data_Pivot_Table!Z$4)=0,"",SUMIFS(Data_Long_Form!$D:$D,Data_Long_Form!$C:$C,Data_Pivot_Table!$V53,Data_Long_Form!$A:$A,Data_Pivot_Table!Z$4)) | AA53: =+IF(SUMIFS(Data_Long_Form!$D:$D,Data_Long_Form!$C:$C,Data_Pivot_Table!$V53,Data_Long_Form!$A:$A,Data_Pivot_Table!AA$4)=0,"",SUMIFS(Data_Long_Form!$D:$D,Data_Long_Form!$C:$C,Data_Pivot_Table!$V53,Data_Long_Form!$A:$A,Data_Pivot_Table!AA$4)) | AB53: =+IF(SUMIFS(Data_Long_Form!$D:$D,Data_Long_Form!$C:$C,Data_Pivot_Table!$V53,Data_Long_Form!$A:$A,Data_Pivot_Table!AB$4)=0,"",SUMIFS(Data_Long_Form!$D:$D,Data_Long_Form!$C:$C,Data_Pivot_Table!$V53,Data_Long_Form!$A:$A,Data_Pivot_Table!AB$4)) | AC53: =+IF(SUMIFS(Data_Long_Form!$D:$D,Data_Long_Form!$C:$C,Data_Pivot_Table!$V53,Data_Long_Form!$A:$A,Data_Pivot_Table!AC$4)=0,"",SUMIFS(Data_Long_Form!$D:$D,Data_Long_Form!$C:$C,Data_Pivot_Table!$V53,Data_Long_Form!$A:$A,Data_Pivot_Table!AC$4))
A54: 0.42126157 | G54: 1 | I54: 1 | K54: 0.42126157 | M54: 1 | S54: 1 | V54: 0.42126157 | W54: =+IF(SUMIFS(Data_Long_Form!$D:$D,Data_Long_Form!$C:$C,Data_Pivot_Table!$V54,Data_Long_Form!$A:$A,Data_Pivot_Table!W$4)=0,"",SUMIFS(Data_Long_Form!$D:$D,Data_Long_Form!$C:$C,Data_Pivot_Table!$V54,Data_Long_Form!$A:$A,Data_Pivot_Table!W$4)) | X54: =+IF(SUMIFS(Data_Long_Form!$D:$D,Data_Long_Form!$C:$C,Data_Pivot_Table!$V54,Data_Long_Form!$A:$A,Data_Pivot_Table!X$4)=0,"",SUMIFS(Data_Long_Form!$D:$D,Data_Long_Form!$C:$C,Data_Pivot_Table!$V54,Data_Long_Form!$A:$A,Data_Pivot_Table!X$4)) -> 423.67391 | Y54: =+IF(SUMIFS(Data_Long_Form!$D:$D,Data_Long_Form!$C:$C,Data_Pivot_Table!$V54,Data_Long_Form!$A:$A,Data_Pivot_Table!Y$4)=0,"",SUMIFS(Data_Long_Form!$D:$D,Data_Long_Form!$C:$C,Data_Pivot_Table!$V54,Data_Long_Form!$A:$A,Data_Pivot_Table!Y$4)) | Z54: =+IF(SUMIFS(Data_Long_Form!$D:$D,Data_Long_Form!$C:$C,Data_Pivot_Table!$V54,Data_Long_Form!$A:$A,Data_Pivot_Table!Z$4)=0,"",SUMIFS(Data_Long_Form!$D:$D,Data_Long_Form!$C:$C,Data_Pivot_Table!$V54,Data_Long_Form!$A:$A,Data_Pivot_Table!Z$4)) | AA54: =+IF(SUMIFS(Data_Long_Form!$D:$D,Data_Long_Form!$C:$C,Data_Pivot_Table!$V54,Data_Long_Form!$A:$A,Data_Pivot_Table!AA$4)=0,"",SUMIFS(Data_Long_Form!$D:$D,Data_Long_Form!$C:$C,Data_Pivot_Table!$V54,Data_Long_Form!$A:$A,Data_Pivot_Table!AA$4)) | AB54: =+IF(SUMIFS(Data_Long_Form!$D:$D,Data_Long_Form!$C:$C,Data_Pivot_Table!$V54,Data_Long_Form!$A:$A,Data_Pivot_Table!AB$4)=0,"",SUMIFS(Data_Long_Form!$D:$D,Data_Long_Form!$C:$C,Data_Pivot_Table!$V54,Data_Long_Form!$A:$A,Data_Pivot_Table!AB$4)) | AC54: =+IF(SUMIFS(Data_Long_Form!$D:$D,Data_Long_Form!$C:$C,Data_Pivot_Table!$V54,Data_Long_Form!$A:$A,Data_Pivot_Table!AC$4)=0,"",SUMIFS(Data_Long_Form!$D:$D,Data_Long_Form!$C:$C,Data_Pivot_Table!$V54,Data_Long_Form!$A:$A,Data_Pivot_Table!AC$4))
A55: 0.42127315 | B55: 1 | D55: 1 | G55: 1 | I55: 3 | K55: 0.42127315 | M55: 1 | O55: 1 | Q55: 1 | S55: 3 | V55: 0.42127315 | W55: =+IF(SUMIFS(Data_Long_Form!$D:$D,Data_Long_Form!$C:$C,Data_Pivot_Table!$V55,Data_Long_Form!$A:$A,Data_Pivot_Table!W$4)=0,"",SUMIFS(Data_Long_Form!$D:$D,Data_Long_Form!$C:$C,Data_Pivot_Table!$V55,Data_Long_Form!$A:$A,Data_Pivot_Table!W$4)) | X55: =+IF(SUMIFS(Data_Long_Form!$D:$D,Data_Long_Form!$C:$C,Data_Pivot_Table!$V55,Data_Long_Form!$A:$A,Data_Pivot_Table!X$4)=0,"",SUMIFS(Data_Long_Form!$D:$D,Data_Long_Form!$C:$C,Data_Pivot_Table!$V55,Data_Long_Form!$A:$A,Data_Pivot_Table!X$4)) -> 431.41437 | Y55: =+IF(SUMIFS(Data_Long_Form!$D:$D,Data_Long_Form!$C:$C,Data_Pivot_Table!$V55,Data_Long_Form!$A:$A,Data_Pivot_Table!Y$4)=0,"",SUMIFS(Data_Long_Form!$D:$D,Data_Long_Form!$C:$C,Data_Pivot_Table!$V55,Data_Long_Form!$A:$A,Data_Pivot_Table!Y$4)) | Z55: =+IF(SUMIFS(Data_Long_Form!$D:$D,Data_Long_Form!$C:$C,Data_Pivot_Table!$V55,Data_Long_Form!$A:$A,Data_Pivot_Table!Z$4)=0,"",SUMIFS(Data_Long_Form!$D:$D,Data_Long_Form!$C:$C,Data_Pivot_Table!$V55,Data_Long_Form!$A:$A,Data_Pivot_Table!Z$4)) -> 508.54724 | AA55: =+IF(SUMIFS(Data_Long_Form!$D:$D,Data_Long_Form!$C:$C,Data_Pivot_Table!$V55,Data_Long_Form!$A:$A,Data_Pivot_Table!AA$4)=0,"",SUMIFS(Data_Long_Form!$D:$D,Data_Long_Form!$C:$C,Data_Pivot_Table!$V55,Data_Long_Form!$A:$A,Data_Pivot_Table!AA$4)) | AB55: =+IF(SUMIFS(Data_Long_Form!$D:$D,Data_Long_Form!$C:$C,Data_Pivot_Table!$V55,Data_Long_Form!$A:$A,Data_Pivot_Table!AB$4)=0,"",SUMIFS(Data_Long_Form!$D:$D,Data_Long_Form!$C:$C,Data_Pivot_Table!$V55,Data_Long_Form!$A:$A,Data_Pivot_Table!AB$4)) -> 537.51202 | AC55: =+IF(SUMIFS(Data_Long_Form!$D:$D,Data_Long_Form!$C:$C,Data_Pivot_Table!$V55,Data_Long_Form!$A:$A,Data_Pivot_Table!AC$4)=0,"",SUMIFS(Data_Long_Form!$D:$D,Data_Long_Form!$C:$C,Data_Pivot_Table!$V55,Data_Long_Form!$A:$A,Data_Pivot_Table!AC$4))
A56: 0.4212963 | B56: 1 | C56: 1 | D56: 1 | E56: 1 | F56: 1 | G56: 1 | H56: 1 | I56: 7 | K56: 0.4212963 | L56: 1 | M56: 1 | N56: 1 | O56: 1 | P56: 1 | Q56: 1 | R56: 1 | S56: 7 | V56: 0.4212963 | W56: =+IF(SUMIFS(Data_Long_Form!$D:$D,Data_Long_Form!$C:$C,Data_Pivot_Table!$V56,Data_Long_Form!$A:$A,Data_Pivot_Table!W$4)=0,"",SUMIFS(Data_Long_Form!$D:$D,Data_Long_Form!$C:$C,Data_Pivot_Table!$V56,Data_Long_Form!$A:$A,Data_Pivot_Table!W$4)) -> 356.20493 | X56: =+IF(SUMIFS(Data_Long_Form!$D:$D,Data_Long_Form!$C:$C,Data_Pivot_Table!$V56,Data_Long_Form!$A:$A,Data_Pivot_Table!X$4)=0,"",SUMIFS(Data_Long_Form!$D:$D,Data_Long_Form!$C:$C,Data_Pivot_Table!$V56,Data_Long_Form!$A:$A,Data_Pivot_Table!X$4)) -> 442.05782 | Y56: =+IF(SUMIFS(Data_Long_Form!$D:$D,Data_Long_Form!$C:$C,Data_Pivot_Table!$V56,Data_Long_Form!$A:$A,Data_Pivot_Table!Y$4)=0,"",SUMIFS(Data_Long_Form!$D:$D,Data_Long_Form!$C:$C,Data_Pivot_Table!$V56,Data_Long_Form!$A:$A,Data_Pivot_Table!Y$4)) -> 253.91315 | Z56: =+IF(SUMIFS(Data_Long_Form!$D:$D,Data_Long_Form!$C:$C,Data_Pivot_Table!$V56,Data_Long_Form!$A:$A,Data_Pivot_Table!Z$4)=0,"",SUMIFS(Data_Long_Form!$D:$D,Data_Long_Form!$C:$C,Data_Pivot_Table!$V56,Data_Long_Form!$A:$A,Data_Pivot_Table!Z$4)) -> 509.49839 | AA56: =+IF(SUMIFS(Data_Long_Form!$D:$D,Data_Long_Form!$C:$C,Data_Pivot_Table!$V56,Data_Long_Form!$A:$A,Data_Pivot_Table!AA$4)=0,"",SUMIFS(Data_Long_Form!$D:$D,Data_Long_Form!$C:$C,Data_Pivot_Table!$V56,Data_Long_Form!$A:$A,Data_Pivot_Table!AA$4)) -> 371.12395 | AB56: =+IF(SUMIFS(Data_Long_Form!$D:$D,Data_Long_Form!$C:$C,Data_Pivot_Table!$V56,Data_Long_Form!$A:$A,Data_Pivot_Table!AB$4)=0,"",SUMIFS(Data_Long_Form!$D:$D,Data_Long_Form!$C:$C,Data_Pivot_Table!$V56,Data_Long_Form!$A:$A,Data_Pivot_Table!AB$4)) -> 497.63575 | AC56: =+IF(SUMIFS(Data_Long_Form!$D:$D,Data_Long_Form!$C:$C,Data_Pivot_Table!$V56,Data_Long_Form!$A:$A,Data_Pivot_Table!AC$4)=0,"",SUMIFS(Data_Long_Form!$D:$D,Data_Long_Form!$C:$C,Data_Pivot_Table!$V56,Data_Long_Form!$A:$A,Data_Pivot_Table!AC$4)) -> 416.66446
A57: 0.42262731 | B57: 1 | C57: 1 | D57: 1 | E57: 1 | F57: 1 | G57: 1 | H57: 1 | I57: 7 | K57: 0.42262731 | L57: 1 | M57: 1 | N57: 1 | O57: 1 | P57: 1 | Q57: 1 | R57: 1 | S57: 7 | V57: 0.42262731 | W57: =+IF(SUMIFS(Data_Long_Form!$D:$D,Data_Long_Form!$C:$C,Data_Pivot_Table!$V57,Data_Long_Form!$A:$A,Data_Pivot_Table!W$4)=0,"",SUMIFS(Data_Long_Form!$D:$D,Data_Long_Form!$C:$C,Data_Pivot_Table!$V57,Data_Long_Form!$A:$A,Data_Pivot_Table!W$4)) -> 378.48165 | X57: =+IF(SUMIFS(Data_Long_Form!$D:$D,Data_Long_Form!$C:$C,Data_Pivot_Table!$V57,Data_Long_Form!$A:$A,Data_Pivot_Table!X$4)=0,"",SUMIFS(Data_Long_Form!$D:$D,Data_Long_Form!$C:$C,Data_Pivot_Table!$V57,Data_Long_Form!$A:$A,Data_Pivot_Table!X$4)) -> 406.01721 | Y57: =+IF(SUMIFS(Data_Long_Form!$D:$D,Data_Long_Form!$C:$C,Data_Pivot_Table!$V57,Data_Long_Form!$A:$A,Data_Pivot_Table!Y$4)=0,"",SUMIFS(Data_Long_Form!$D:$D,Data_Long_Form!$C:$C,Data_Pivot_Table!$V57,Data_Long_Form!$A:$A,Data_Pivot_Table!Y$4)) -> 275.21058 | Z57: =+IF(SUMIFS(Data_Long_Form!$D:$D,Data_Long_Form!$C:$C,Data_Pivot_Table!$V57,Data_Long_Form!$A:$A,Data_Pivot_Table!Z$4)=0,"",SUMIFS(Data_Long_Form!$D:$D,Data_Long_Form!$C:$C,Data_Pivot_Table!$V57,Data_Long_Form!$A:$A,Data_Pivot_Table!Z$4)) -> 476.43172 | AA57: =+IF(SUMIFS(Data_Long_Form!$D:$D,Data_Long_Form!$C:$C,Data_Pivot_Table!$V57,Data_Long_Form!$A:$A,Data_Pivot_Table!AA$4)=0,"",SUMIFS(Data_Long_Form!$D:$D,Data_Long_Form!$C:$C,Data_Pivot_Table!$V57,Data_Long_Form!$A:$A,Data_Pivot_Table!AA$4)) -> 372.81472 | AB57: =+IF(SUMIFS(Data_Long_Form!$D:$D,Data_Long_Form!$C:$C,Data_Pivot_Table!$V57,Data_Long_Form!$A:$A,Data_Pivot_Table!AB$4)=0,"",SUMIFS(Data_Long_Form!$D:$D,Data_Long_Form!$C:$C,Data_Pivot_Table!$V57,Data_Long_Form!$A:$A,Data_Pivot_Table!AB$4)) -> 547.20633 | AC57: =+IF(SUMIFS(Data_Long_Form!$D:$D,Data_Long_Form!$C:$C,Data_Pivot_Table!$V57,Data_Long_Form!$A:$A,Data_Pivot_Table!AC$4)=0,"",SUMIFS(Data_Long_Form!$D:$D,Data_Long_Form!$C:$C,Data_Pivot_Table!$V57,Data_Long_Form!$A:$A,Data_Pivot_Table!AC$4)) -> 444.78196
A58: 0.42263889 | B58: 1 | C58: 1 | D58: 1 | E58: 1 | F58: 1 | G58: 1 | H58: 1 | I58: 7 | K58: 0.42263889 | L58: 1 | M58: 1 | N58: 1 | O58: 1 | P58: 1 | Q58: 1 | R58: 1 | S58: 7 | V58: 0.42263889 | W58: =+IF(SUMIFS(Data_Long_Form!$D:$D,Data_Long_Form!$C:$C,Data_Pivot_Table!$V58,Data_Long_Form!$A:$A,Data_Pivot_Table!W$4)=0,"",SUMIFS(Data_Long_Form!$D:$D,Data_Long_Form!$C:$C,Data_Pivot_Table!$V58,Data_Long_Form!$A:$A,Data_Pivot_Table!W$4)) -> 376.82875 | X58: =+IF(SUMIFS(Data_Long_Form!$D:$D,Data_Long_Form!$C:$C,Data_Pivot_Table!$V58,Data_Long_Form!$A:$A,Data_Pivot_Table!X$4)=0,"",SUMIFS(Data_Long_Form!$D:$D,Data_Long_Form!$C:$C,Data_Pivot_Table!$V58,Data_Long_Form!$A:$A,Data_Pivot_Table!X$4)) -> 429.57453 | Y58: =+IF(SUMIFS(Data_Long_Form!$D:$D,Data_Long_Form!$C:$C,Data_Pivot_Table!$V58,Data_Long_Form!$A:$A,Data_Pivot_Table!Y$4)=0,"",SUMIFS(Data_Long_Form!$D:$D,Data_Long_Form!$C:$C,Data_Pivot_Table!$V58,Data_Long_Form!$A:$A,Data_Pivot_Table!Y$4)) -> 286.28064 | Z58: =+IF(SUMIFS(Data_Long_Form!$D:$D,Data_Long_Form!$C:$C,Data_Pivot_Table!$V58,Data_Long_Form!$A:$A,Data_Pivot_Table!Z$4)=0,"",SUMIFS(Data_Long_Form!$D:$D,Data_Long_Form!$C:$C,Data_Pivot_Table!$V58,Data_Long_Form!$A:$A,Data_Pivot_Table!Z$4)) -> 508.27808 | AA58: =+IF(SUMIFS(Data_Long_Form!$D:$D,Data_Long_Form!$C:$C,Data_Pivot_Table!$V58,Data_Long_Form!$A:$A,Data_Pivot_Table!AA$4)=0,"",SUMIFS(Data_Long_Form!$D:$D,Data_Long_Form!$C:$C,Data_Pivot_Table!$V58,Data_Long_Form!$A:$A,Data_Pivot_Table!AA$4)) -> 380.1835 | AB58: =+IF(SUMIFS(Data_Long_Form!$D:$D,Data_Long_Form!$C:$C,Data_Pivot_Table!$V58,Data_Long_Form!$A:$A,Data_Pivot_Table!AB$4)=0,"",SUMIFS(Data_Long_Form!$D:$D,Data_Long_Form!$C:$C,Data_Pivot_Table!$V58,Data_Long_Form!$A:$A,Data_Pivot_Table!AB$4)) -> 587.75591 | AC58: =+IF(SUMIFS(Data_Long_Form!$D:$D,Data_Long_Form!$C:$C,Data_Pivot_Table!$V58,Data_Long_Form!$A:$A,Data_Pivot_Table!AC$4)=0,"",SUMIFS(Data_Long_Form!$D:$D,Data_Long_Form!$C:$C,Data_Pivot_Table!$V58,Data_Long_Form!$A:$A,Data_Pivot_Table!AC$4)) -> 526.12397
A59: 0.42265046 | B59: 1 | C59: 1 | D59: 1 | E59: 1 | F59: 1 | G59: 1 | H59: 1 | I59: 7 | K59: 0.42265046 | L59: 1 | M59: 1 | N59: 1 | O59: 1 | P59: 1 | Q59: 1 | R59: 1 | S59: 7 | V59: 0.42265046 | W59: =+IF(SUMIFS(Data_Long_Form!$D:$D,Data_Long_Form!$C:$C,Data_Pivot_Table!$V59,Data_Long_Form!$A:$A,Data_Pivot_Table!W$4)=0,"",SUMIFS(Data_Long_Form!$D:$D,Data_Long_Form!$C:$C,Data_Pivot_Table!$V59,Data_Long_Form!$A:$A,Data_Pivot_Table!W$4)) -> 345.01587 | X59: =+IF(SUMIFS(Data_Long_Form!$D:$D,Data_Long_Form!$C:$C,Data_Pivot_Table!$V59,Data_Long_Form!$A:$A,Data_Pivot_Table!X$4)=0,"",SUMIFS(Data_Long_Form!$D:$D,Data_Long_Form!$C:$C,Data_Pivot_Table!$V59,Data_Long_Form!$A:$A,Data_Pivot_Table!X$4)) -> 421.22512 | Y59: =+IF(SUMIFS(Data_Long_Form!$D:$D,Data_Long_Form!$C:$C,Data_Pivot_Table!$V59,Data_Long_Form!$A:$A,Data_Pivot_Table!Y$4)=0,"",SUMIFS(Data_Long_Form!$D:$D,Data_Long_Form!$C:$C,Data_Pivot_Table!$V59,Data_Long_Form!$A:$A,Data_Pivot_Table!Y$4)) -> 275.34362 | Z59: =+IF(SUMIFS(Data_Long_Form!$D:$D,Data_Long_Form!$C:$C,Data_Pivot_Table!$V59,Data_Long_Form!$A:$A,Data_Pivot_Table!Z$4)=0,"",SUMIFS(Data_Long_Form!$D:$D,Data_Long_Form!$C:$C,Data_Pivot_Table!$V59,Data_Long_Form!$A:$A,Data_Pivot_Table!Z$4)) -> 493.5543 | AA59: =+IF(SUMIFS(Data_Long_Form!$D:$D,Data_Long_Form!$C:$C,Data_Pivot_Table!$V59,Data_Long_Form!$A:$A,Data_Pivot_Table!AA$4)=0,"",SUMIFS(Data_Long_Form!$D:$D,Data_Long_Form!$C:$C,Data_Pivot_Table!$V59,Data_Long_Form!$A:$A,Data_Pivot_Table!AA$4)) -> 364.71849 | AB59: =+IF(SUMIFS(Data_Long_Form!$D:$D,Data_Long_Form!$C:$C,Data_Pivot_Table!$V59,Data_Long_Form!$A:$A,Data_Pivot_Table!AB$4)=0,"",SUMIFS(Data_Long_Form!$D:$D,Data_Long_Form!$C:$C,Data_Pivot_Table!$V59,Data_Long_Form!$A:$A,Data_Pivot_Table!AB$4)) -> 527.66247 | AC59: =+IF(SUMIFS(Data_Long_Form!$D:$D,Data_Long_Form!$C:$C,Data_Pivot_Table!$V59,Data_Long_Form!$A:$A,Data_Pivot_Table!AC$4)=0,"",SUMIFS(Data_Long_Form!$D:$D,Data_Long_Form!$C:$C,Data_Pivot_Table!$V59,Data_Long_Form!$A:$A,Data_Pivot_Table!AC$4)) -> 536.20952
A60: 0.42266204 | F60: 1 | I60: 1 | K60: 0.42266204 | L60: 1 | S60: 1 | V60: 0.42266204 | W60: =+IF(SUMIFS(Data_Long_Form!$D:$D,Data_Long_Form!$C:$C,Data_Pivot_Table!$V60,Data_Long_Form!$A:$A,Data_Pivot_Table!W$4)=0,"",SUMIFS(Data_Long_Form!$D:$D,Data_Long_Form!$C:$C,Data_Pivot_Table!$V60,Data_Long_Form!$A:$A,Data_Pivot_Table!W$4)) -> 373.72169 | X60: =+IF(SUMIFS(Data_Long_Form!$D:$D,Data_Long_Form!$C:$C,Data_Pivot_Table!$V60,Data_Long_Form!$A:$A,Data_Pivot_Table!X$4)=0,"",SUMIFS(Data_Long_Form!$D:$D,Data_Long_Form!$C:$C,Data_Pivot_Table!$V60,Data_Long_Form!$A:$A,Data_Pivot_Table!X$4)) | Y60: =+IF(SUMIFS(Data_Long_Form!$D:$D,Data_Long_Form!$C:$C,Data_Pivot_Table!$V60,Data_Long_Form!$A:$A,Data_Pivot_Table!Y$4)=0,"",SUMIFS(Data_Long_Form!$D:$D,Data_Long_Form!$C:$C,Data_Pivot_Table!$V60,Data_Long_Form!$A:$A,Data_Pivot_Table!Y$4)) | Z60: =+IF(SUMIFS(Data_Long_Form!$D:$D,Data_Long_Form!$C:$C,Data_Pivot_Table!$V60,Data_Long_Form!$A:$A,Data_Pivot_Table!Z$4)=0,"",SUMIFS(Data_Long_Form!$D:$D,Data_Long_Form!$C:$C,Data_Pivot_Table!$V60,Data_Long_Form!$A:$A,Data_Pivot_Table!Z$4)) | AA60: =+IF(SUMIFS(Data_Long_Form!$D:$D,Data_Long_Form!$C:$C,Data_Pivot_Table!$V60,Data_Long_Form!$A:$A,Data_Pivot_Table!AA$4)=0,"",SUMIFS(Data_Long_Form!$D:$D,Data_Long_Form!$C:$C,Data_Pivot_Table!$V60,Data_Long_Form!$A:$A,Data_Pivot_Table!AA$4)) | AB60: =+IF(SUMIFS(Data_Long_Form!$D:$D,Data_Long_Form!$C:$C,Data_Pivot_Table!$V60,Data_Long_Form!$A:$A,Data_Pivot_Table!AB$4)=0,"",SUMIFS(Data_Long_Form!$D:$D,Data_Long_Form!$C:$C,Data_Pivot_Table!$V60,Data_Long_Form!$A:$A,Data_Pivot_Table!AB$4)) | AC60: =+IF(SUMIFS(Data_Long_Form!$D:$D,Data_Long_Form!$C:$C,Data_Pivot_Table!$V60,Data_Long_Form!$A:$A,Data_Pivot_Table!AC$4)=0,"",SUMIFS(Data_Long_Form!$D:$D,Data_Long_Form!$C:$C,Data_Pivot_Table!$V60,Data_Long_Form!$A:$A,Data_Pivot_Table!AC$4))
A61: 0.42267361 | B61: 1 | C61: 1 | D61: 1 | E61: 1 | F61: 1 | G61: 1 | H61: 1 | I61: 7 | K61: 0.42267361 | L61: 1 | M61: 1 | N61: 1 | O61: 1 | P61: 1 | Q61: 1 | R61: 1 | S61: 7 | V61: 0.42267361 | W61: =+IF(SUMIFS(Data_Long_Form!$D:$D,Data_Long_Form!$C:$C,Data_Pivot_Table!$V61,Data_Long_Form!$A:$A,Data_Pivot_Table!W$4)=0,"",SUMIFS(Data_Long_Form!$D:$D,Data_Long_Form!$C:$C,Data_Pivot_Table!$V61,Data_Long_Form!$A:$A,Data_Pivot_Table!W$4)) -> 378.47411 | X61: =+IF(SUMIFS(Data_Long_Form!$D:$D,Data_Long_Form!$C:$C,Data_Pivot_Table!$V61,Data_Long_Form!$A:$A,Data_Pivot_Table!X$4)=0,"",SUMIFS(Data_Long_Form!$D:$D,Data_Long_Form!$C:$C,Data_Pivot_Table!$V61,Data_Long_Form!$A:$A,Data_Pivot_Table!X$4)) -> 403.67086 | Y61: =+IF(SUMIFS(Data_Long_Form!$D:$D,Data_Long_Form!$C:$C,Data_Pivot_Table!$V61,Data_Long_Form!$A:$A,Data_Pivot_Table!Y$4)=0,"",SUMIFS(Data_Long_Form!$D:$D,Data_Long_Form!$C:$C,Data_Pivot_Table!$V61,Data_Long_Form!$A:$A,Data_Pivot_Table!Y$4)) -> 253.30948 | Z61: =+IF(SUMIFS(Data_Long_Form!$D:$D,Data_Long_Form!$C:$C,Data_Pivot_Table!$V61,Data_Long_Form!$A:$A,Data_Pivot_Table!Z$4)=0,"",SUMIFS(Data_Long_Form!$D:$D,Data_Long_Form!$C:$C,Data_Pivot_Table!$V61,Data_Long_Form!$A:$A,Data_Pivot_Table!Z$4)) -> 499.55577 | AA61: =+IF(SUMIFS(Data_Long_Form!$D:$D,Data_Long_Form!$C:$C,Data_Pivot_Table!$V61,Data_Long_Form!$A:$A,Data_Pivot_Table!AA$4)=0,"",SUMIFS(Data_Long_Form!$D:$D,Data_Long_Form!$C:$C,Data_Pivot_Table!$V61,Data_Long_Form!$A:$A,Data_Pivot_Table!AA$4)) -> 365.74515 | AB61: =+IF(SUMIFS(Data_Long_Form!$D:$D,Data_Long_Form!$C:$C,Data_Pivot_Table!$V61,Data_Long_Form!$A:$A,Data_Pivot_Table!AB$4)=0,"",SUMIFS(Data_Long_Form!$D:$D,Data_Long_Form!$C:$C,Data_Pivot_Table!$V61,Data_Long_Form!$A:$A,Data_Pivot_Table!AB$4)) -> 550.74633 | AC61: =+IF(SUMIFS(Data_Long_Form!$D:$D,Data_Long_Form!$C:$C,Data_Pivot_Table!$V61,Data_Long_Form!$A:$A,Data_Pivot_Table!AC$4)=0,"",SUMIFS(Data_Long_Form!$D:$D,Data_Long_Form!$C:$C,Data_Pivot_Table!$V61,Data_Long_Form!$A:$A,Data_Pivot_Table!AC$4)) -> 485.38875
A62: 0.42269676 | B62: 1 | C62: 1 | D62: 1 | E62: 1 | F62: 1 | G62: 1 | H62: 1 | I62: 7 | K62: 0.42269676 | L62: 1 | M62: 1 | N62: 1 | O62: 1 | P62: 1 | Q62: 1 | R62: 1 | S62: 7 | V62: 0.42269676 | W62: =+IF(SUMIFS(Data_Long_Form!$D:$D,Data_Long_Form!$C:$C,Data_Pivot_Table!$V62,Data_Long_Form!$A:$A,Data_Pivot_Table!W$4)=0,"",SUMIFS(Data_Long_Form!$D:$D,Data_Long_Form!$C:$C,Data_Pivot_Table!$V62,Data_Long_Form!$A:$A,Data_Pivot_Table!W$4)) -> 377.2514 | X62: =+IF(SUMIFS(Data_Long_Form!$D:$D,Data_Long_Form!$C:$C,Data_Pivot_Table!$V62,Data_Long_Form!$A:$A,Data_Pivot_Table!X$4)=0,"",SUMIFS(Data_Long_Form!$D:$D,Data_Long_Form!$C:$C,Data_Pivot_Table!$V62,Data_Long_Form!$A:$A,Data_Pivot_Table!X$4)) -> 406.47213 | Y62: =+IF(SUMIFS(Data_Long_Form!$D:$D,Data_Long_Form!$C:$C,Data_Pivot_Table!$V62,Data_Long_Form!$A:$A,Data_Pivot_Table!Y$4)=0,"",SUMIFS(Data_Long_Form!$D:$D,Data_Long_Form!$C:$C,Data_Pivot_Table!$V62,Data_Long_Form!$A:$A,Data_Pivot_Table!Y$4)) -> 252.93969 | Z62: =+IF(SUMIFS(Data_Long_Form!$D:$D,Data_Long_Form!$C:$C,Data_Pivot_Table!$V62,Data_Long_Form!$A:$A,Data_Pivot_Table!Z$4)=0,"",SUMIFS(Data_Long_Form!$D:$D,Data_Long_Form!$C:$C,Data_Pivot_Table!$V62,Data_Long_Form!$A:$A,Data_Pivot_Table!Z$4)) -> 508.69155 | AA62: =+IF(SUMIFS(Data_Long_Form!$D:$D,Data_Long_Form!$C:$C,Data_Pivot_Table!$V62,Data_Long_Form!$A:$A,Data_Pivot_Table!AA$4)=0,"",SUMIFS(Data_Long_Form!$D:$D,Data_Long_Form!$C:$C,Data_Pivot_Table!$V62,Data_Long_Form!$A:$A,Data_Pivot_Table!AA$4)) -> 364.13577 | AB62: =+IF(SUMIFS(Data_Long_Form!$D:$D,Data_Long_Form!$C:$C,Data_Pivot_Table!$V62,Data_Long_Form!$A:$A,Data_Pivot_Table!AB$4)=0,"",SUMIFS(Data_Long_Form!$D:$D,Data_Long_Form!$C:$C,Data_Pivot_Table!$V62,Data_Long_Form!$A:$A,Data_Pivot_Table!AB$4)) -> 550.92742 | AC62: =+IF(SUMIFS(Data_Long_Form!$D:$D,Data_Long_Form!$C:$C,Data_Pivot_Table!$V62,Data_Long_Form!$A:$A,Data_Pivot_Table!AC$4)=0,"",SUMIFS(Data_Long_Form!$D:$D,Data_Long_Form!$C:$C,Data_Pivot_Table!$V62,Data_Long_Form!$A:$A,Data_Pivot_Table!AC$4)) -> 481.98059
A63: 0.42270833 | B63: 1 | C63: 1 | D63: 1 | E63: 1 | F63: 1 | G63: 1 | H63: 1 | I63: 7 | K63: 0.42270833 | L63: 1 | M63: 1 | N63: 1 | O63: 1 | P63: 1 | Q63: 1 | R63: 1 | S63: 7 | V63: 0.42270833 | W63: =+IF(SUMIFS(Data_Long_Form!$D:$D,Data_Long_Form!$C:$C,Data_Pivot_Table!$V63,Data_Long_Form!$A:$A,Data_Pivot_Table!W$4)=0,"",SUMIFS(Data_Long_Form!$D:$D,Data_Long_Form!$C:$C,Data_Pivot_Table!$V63,Data_Long_Form!$A:$A,Data_Pivot_Table!W$4)) -> 378.05394 | X63: =+IF(SUMIFS(Data_Long_Form!$D:$D,Data_Long_Form!$C:$C,Data_Pivot_Table!$V63,Data_Long_Form!$A:$A,Data_Pivot_Table!X$4)=0,"",SUMIFS(Data_Long_Form!$D:$D,Data_Long_Form!$C:$C,Data_Pivot_Table!$V63,Data_Long_Form!$A:$A,Data_Pivot_Table!X$4)) -> 408.30337 | Y63: =+IF(SUMIFS(Data_Long_Form!$D:$D,Data_Long_Form!$C:$C,Data_Pivot_Table!$V63,Data_Long_Form!$A:$A,Data_Pivot_Table!Y$4)=0,"",SUMIFS(Data_Long_Form!$D:$D,Data_Long_Form!$C:$C,Data_Pivot_Table!$V63,Data_Long_Form!$A:$A,Data_Pivot_Table!Y$4)) -> 254.10062 | Z63: =+IF(SUMIFS(Data_Long_Form!$D:$D,Data_Long_Form!$C:$C,Data_Pivot_Table!$V63,Data_Long_Form!$A:$A,Data_Pivot_Table!Z$4)=0,"",SUMIFS(Data_Long_Form!$D:$D,Data_Long_Form!$C:$C,Data_Pivot_Table!$V63,Data_Long_Form!$A:$A,Data_Pivot_Table!Z$4)) -> 502.47 | AA63: =+IF(SUMIFS(Data_Long_Form!$D:$D,Data_Long_Form!$C:$C,Data_Pivot_Table!$V63,Data_Long_Form!$A:$A,Data_Pivot_Table!AA$4)=0,"",SUMIFS(Data_Long_Form!$D:$D,Data_Long_Form!$C:$C,Data_Pivot_Table!$V63,Data_Long_Form!$A:$A,Data_Pivot_Table!AA$4)) -> 365.66051 | AB63: =+IF(SUMIFS(Data_Long_Form!$D:$D,Data_Long_Form!$C:$C,Data_Pivot_Table!$V63,Data_Long_Form!$A:$A,Data_Pivot_Table!AB$4)=0,"",SUMIFS(Data_Long_Form!$D:$D,Data_Long_Form!$C:$C,Data_Pivot_Table!$V63,Data_Long_Form!$A:$A,Data_Pivot_Table!AB$4)) -> 553.15886 | AC63: =+IF(SUMIFS(Data_Long_Form!$D:$D,Data_Long_Form!$C:$C,Data_Pivot_Table!$V63,Data_Long_Form!$A:$A,Data_Pivot_Table!AC$4)=0,"",SUMIFS(Data_Long_Form!$D:$D,Data_Long_Form!$C:$C,Data_Pivot_Table!$V63,Data_Long_Form!$A:$A,Data_Pivot_Table!AC$4)) -> 482.90332
A64: 0.42271991 | E64: 1 | I64: 1 | K64: 0.42271991 | R64: 1 | S64: 1 | V64: 0.42271991 | W64: =+IF(SUMIFS(Data_Long_Form!$D:$D,Data_Long_Form!$C:$C,Data_Pivot_Table!$V64,Data_Long_Form!$A:$A,Data_Pivot_Table!W$4)=0,"",SUMIFS(Data_Long_Form!$D:$D,Data_Long_Form!$C:$C,Data_Pivot_Table!$V64,Data_Long_Form!$A:$A,Data_Pivot_Table!W$4)) | X64: =+IF(SUMIFS(Data_Long_Form!$D:$D,Data_Long_Form!$C:$C,Data_Pivot_Table!$V64,Data_Long_Form!$A:$A,Data_Pivot_Table!X$4)=0,"",SUMIFS(Data_Long_Form!$D:$D,Data_Long_Form!$C:$C,Data_Pivot_Table!$V64,Data_Long_Form!$A:$A,Data_Pivot_Table!X$4)) | Y64: =+IF(SUMIFS(Data_Long_Form!$D:$D,Data_Long_Form!$C:$C,Data_Pivot_Table!$V64,Data_Long_Form!$A:$A,Data_Pivot_Table!Y$4)=0,"",SUMIFS(Data_Long_Form!$D:$D,Data_Long_Form!$C:$C,Data_Pivot_Table!$V64,Data_Long_Form!$A:$A,Data_Pivot_Table!Y$4)) | Z64: =+IF(SUMIFS(Data_Long_Form!$D:$D,Data_Long_Form!$C:$C,Data_Pivot_Table!$V64,Data_Long_Form!$A:$A,Data_Pivot_Table!Z$4)=0,"",SUMIFS(Data_Long_Form!$D:$D,Data_Long_Form!$C:$C,Data_Pivot_Table!$V64,Data_Long_Form!$A:$A,Data_Pivot_Table!Z$4)) | AA64: =+IF(SUMIFS(Data_Long_Form!$D:$D,Data_Long_Form!$C:$C,Data_Pivot_Table!$V64,Data_Long_Form!$A:$A,Data_Pivot_Table!AA$4)=0,"",SUMIFS(Data_Long_Form!$D:$D,Data_Long_Form!$C:$C,Data_Pivot_Table!$V64,Data_Long_Form!$A:$A,Data_Pivot_Table!AA$4)) | AB64: =+IF(SUMIFS(Data_Long_Form!$D:$D,Data_Long_Form!$C:$C,Data_Pivot_Table!$V64,Data_Long_Form!$A:$A,Data_Pivot_Table!AB$4)=0,"",SUMIFS(Data_Long_Form!$D:$D,Data_Long_Form!$C:$C,Data_Pivot_Table!$V64,Data_Long_Form!$A:$A,Data_Pivot_Table!AB$4)) | AC64: =+IF(SUMIFS(Data_Long_Form!$D:$D,Data_Long_Form!$C:$C,Data_Pivot_Table!$V64,Data_Long_Form!$A:$A,Data_Pivot_Table!AC$4)=0,"",SUMIFS(Data_Long_Form!$D:$D,Data_Long_Form!$C:$C,Data_Pivot_Table!$V64,Data_Long_Form!$A:$A,Data_Pivot_Table!AC$4)) -> 507.2763
A65: 0.42273148 | E65: 1 | I65: 1 | K65: 0.42273148 | R65: 1 | S65: 1 | V65: 0.42273148 | W65: =+IF(SUMIFS(Data_Long_Form!$D:$D,Data_Long_Form!$C:$C,Data_Pivot_Table!$V65,Data_Long_Form!$A:$A,Data_Pivot_Table!W$4)=0,"",SUMIFS(Data_Long_Form!$D:$D,Data_Long_Form!$C:$C,Data_Pivot_Table!$V65,Data_Long_Form!$A:$A,Data_Pivot_Table!W$4)) | X65: =+IF(SUMIFS(Data_Long_Form!$D:$D,Data_Long_Form!$C:$C,Data_Pivot_Table!$V65,Data_Long_Form!$A:$A,Data_Pivot_Table!X$4)=0,"",SUMIFS(Data_Long_Form!$D:$D,Data_Long_Form!$C:$C,Data_Pivot_Table!$V65,Data_Long_Form!$A:$A,Data_Pivot_Table!X$4)) | Y65: =+IF(SUMIFS(Data_Long_Form!$D:$D,Data_Long_Form!$C:$C,Data_Pivot_Table!$V65,Data_Long_Form!$A:$A,Data_Pivot_Table!Y$4)=0,"",SUMIFS(Data_Long_Form!$D:$D,Data_Long_Form!$C:$C,Data_Pivot_Table!$V65,Data_Long_Form!$A:$A,Data_Pivot_Table!Y$4)) | Z65: =+IF(SUMIFS(Data_Long_Form!$D:$D,Data_Long_Form!$C:$C,Data_Pivot_Table!$V65,Data_Long_Form!$A:$A,Data_Pivot_Table!Z$4)=0,"",SUMIFS(Data_Long_Form!$D:$D,Data_Long_Form!$C:$C,Data_Pivot_Table!$V65,Data_Long_Form!$A:$A,Data_Pivot_Table!Z$4)) | AA65: =+IF(SUMIFS(Data_Long_Form!$D:$D,Data_Long_Form!$C:$C,Data_Pivot_Table!$V65,Data_Long_Form!$A:$A,Data_Pivot_Table!AA$4)=0,"",SUMIFS(Data_Long_Form!$D:$D,Data_Long_Form!$C:$C,Data_Pivot_Table!$V65,Data_Long_Form!$A:$A,Data_Pivot_Table!AA$4)) | AB65: =+IF(SUMIFS(Data_Long_Form!$D:$D,Data_Long_Form!$C:$C,Data_Pivot_Table!$V65,Data_Long_Form!$A:$A,Data_Pivot_Table!AB$4)=0,"",SUMIFS(Data_Long_Form!$D:$D,Data_Long_Form!$C:$C,Data_Pivot_Table!$V65,Data_Long_Form!$A:$A,Data_Pivot_Table!AB$4)) | AC65: =+IF(SUMIFS(Data_Long_Form!$D:$D,Data_Long_Form!$C:$C,Data_Pivot_Table!$V65,Data_Long_Form!$A:$A,Data_Pivot_Table!AC$4)=0,"",SUMIFS(Data_Long_Form!$D:$D,Data_Long_Form!$C:$C,Data_Pivot_Table!$V65,Data_Long_Form!$A:$A,Data_Pivot_Table!AC$4)) -> 534.34441
A66: 0.42275463 | B66: 1 | C66: 1 | D66: 1 | E66: 1 | F66: 1 | G66: 1 | H66: 1 | I66: 7 | K66: 0.42275463 | L66: 1 | M66: 1 | N66: 1 | O66: 1 | P66: 1 | Q66: 1 | R66: 1 | S66: 7 | V66: 0.42275463 | W66: =+IF(SUMIFS(Data_Long_Form!$D:$D,Data_Long_Form!$C:$C,Data_Pivot_Table!$V66,Data_Long_Form!$A:$A,Data_Pivot_Table!W$4)=0,"",SUMIFS(Data_Long_Form!$D:$D,Data_Long_Form!$C:$C,Data_Pivot_Table!$V66,Data_Long_Form!$A:$A,Data_Pivot_Table!W$4)) -> 373.97147 | X66: =+IF(SUMIFS(Data_Long_Form!$D:$D,Data_Long_Form!$C:$C,Data_Pivot_Table!$V66,Data_Long_Form!$A:$A,Data_Pivot_Table!X$4)=0,"",SUMIFS(Data_Long_Form!$D:$D,Data_Long_Form!$C:$C,Data_Pivot_Table!$V66,Data_Long_Form!$A:$A,Data_Pivot_Table!X$4)) -> 396.4921 | Y66: =+IF(SUMIFS(Data_Long_Form!$D:$D,Data_Long_Form!$C:$C,Data_Pivot_Table!$V66,Data_Long_Form!$A:$A,Data_Pivot_Table!Y$4)=0,"",SUMIFS(Data_Long_Form!$D:$D,Data_Long_Form!$C:$C,Data_Pivot_Table!$V66,Data_Long_Form!$A:$A,Data_Pivot_Table!Y$4)) -> 255.60552 | Z66: =+IF(SUMIFS(Data_Long_Form!$D:$D,Data_Long_Form!$C:$C,Data_Pivot_Table!$V66,Data_Long_Form!$A:$A,Data_Pivot_Table!Z$4)=0,"",SUMIFS(Data_Long_Form!$D:$D,Data_Long_Form!$C:$C,Data_Pivot_Table!$V66,Data_Long_Form!$A:$A,Data_Pivot_Table!Z$4)) -> 502.17652 | AA66: =+IF(SUMIFS(Data_Long_Form!$D:$D,Data_Long_Form!$C:$C,Data_Pivot_Table!$V66,Data_Long_Form!$A:$A,Data_Pivot_Table!AA$4)=0,"",SUMIFS(Data_Long_Form!$D:$D,Data_Long_Form!$C:$C,Data_Pivot_Table!$V66,Data_Long_Form!$A:$A,Data_Pivot_Table!AA$4)) -> 365.1803 | AB66: =+IF(SUMIFS(Data_Long_Form!$D:$D,Data_Long_Form!$C:$C,Data_Pivot_Table!$V66,Data_Long_Form!$A:$A,Data_Pivot_Table!AB$4)=0,"",SUMIFS(Data_Long_Form!$D:$D,Data_Long_Form!$C:$C,Data_Pivot_Table!$V66,Data_Long_Form!$A:$A,Data_Pivot_Table!AB$4)) -> 546.12118 | AC66: =+IF(SUMIFS(Data_Long_Form!$D:$D,Data_Long_Form!$C:$C,Data_Pivot_Table!$V66,Data_Long_Form!$A:$A,Data_Pivot_Table!AC$4)=0,"",SUMIFS(Data_Long_Form!$D:$D,Data_Long_Form!$C:$C,Data_Pivot_Table!$V66,Data_Long_Form!$A:$A,Data_Pivot_Table!AC$4)) -> 485.90389
A67: 0.4227662 | B67: 1 | D67: 1 | F67: 1 | G67: 1 | H67: 1 | I67: 5 | K67: 0.4227662 | L67: 1 | M67: 1 | N67: 1 | O67: 1 | Q67: 1 | S67: 5 | V67: 0.4227662 | W67: =+IF(SUMIFS(Data_Long_Form!$D:$D,Data_Long_Form!$C:$C,Data_Pivot_Table!$V67,Data_Long_Form!$A:$A,Data_Pivot_Table!W$4)=0,"",SUMIFS(Data_Long_Form!$D:$D,Data_Long_Form!$C:$C,Data_Pivot_Table!$V67,Data_Long_Form!$A:$A,Data_Pivot_Table!W$4)) -> 381.20027 | X67: =+IF(SUMIFS(Data_Long_Form!$D:$D,Data_Long_Form!$C:$C,Data_Pivot_Table!$V67,Data_Long_Form!$A:$A,Data_Pivot_Table!X$4)=0,"",SUMIFS(Data_Long_Form!$D:$D,Data_Long_Form!$C:$C,Data_Pivot_Table!$V67,Data_Long_Form!$A:$A,Data_Pivot_Table!X$4)) -> 403.22061 | Y67: =+IF(SUMIFS(Data_Long_Form!$D:$D,Data_Long_Form!$C:$C,Data_Pivot_Table!$V67,Data_Long_Form!$A:$A,Data_Pivot_Table!Y$4)=0,"",SUMIFS(Data_Long_Form!$D:$D,Data_Long_Form!$C:$C,Data_Pivot_Table!$V67,Data_Long_Form!$A:$A,Data_Pivot_Table!Y$4)) -> 268.05994 | Z67: =+IF(SUMIFS(Data_Long_Form!$D:$D,Data_Long_Form!$C:$C,Data_Pivot_Table!$V67,Data_Long_Form!$A:$A,Data_Pivot_Table!Z$4)=0,"",SUMIFS(Data_Long_Form!$D:$D,Data_Long_Form!$C:$C,Data_Pivot_Table!$V67,Data_Long_Form!$A:$A,Data_Pivot_Table!Z$4)) -> 510.95262 | AA67: =+IF(SUMIFS(Data_Long_Form!$D:$D,Data_Long_Form!$C:$C,Data_Pivot_Table!$V67,Data_Long_Form!$A:$A,Data_Pivot_Table!AA$4)=0,"",SUMIFS(Data_Long_Form!$D:$D,Data_Long_Form!$C:$C,Data_Pivot_Table!$V67,Data_Long_Form!$A:$A,Data_Pivot_Table!AA$4)) | AB67: =+IF(SUMIFS(Data_Long_Form!$D:$D,Data_Long_Form!$C:$C,Data_Pivot_Table!$V67,Data_Long_Form!$A:$A,Data_Pivot_Table!AB$4)=0,"",SUMIFS(Data_Long_Form!$D:$D,Data_Long_Form!$C:$C,Data_Pivot_Table!$V67,Data_Long_Form!$A:$A,Data_Pivot_Table!AB$4)) -> 551.85636 | AC67: =+IF(SUMIFS(Data_Long_Form!$D:$D,Data_Long_Form!$C:$C,Data_Pivot_Table!$V67,Data_Long_Form!$A:$A,Data_Pivot_Table!AC$4)=0,"",SUMIFS(Data_Long_Form!$D:$D,Data_Long_Form!$C:$C,Data_Pivot_Table!$V67,Data_Long_Form!$A:$A,Data_Pivot_Table!AC$4))
A68: 0.42277778 | B68: 1 | D68: 1 | F68: 1 | G68: 1 | H68: 1 | I68: 5 | K68: 0.42277778 | L68: 1 | M68: 1 | N68: 1 | O68: 1 | Q68: 1 | S68: 5 | V68: 0.42277778 | W68: =+IF(SUMIFS(Data_Long_Form!$D:$D,Data_Long_Form!$C:$C,Data_Pivot_Table!$V68,Data_Long_Form!$A:$A,Data_Pivot_Table!W$4)=0,"",SUMIFS(Data_Long_Form!$D:$D,Data_Long_Form!$C:$C,Data_Pivot_Table!$V68,Data_Long_Form!$A:$A,Data_Pivot_Table!W$4)) -> 382.24019 | X68: =+IF(SUMIFS(Data_Long_Form!$D:$D,Data_Long_Form!$C:$C,Data_Pivot_Table!$V68,Data_Long_Form!$A:$A,Data_Pivot_Table!X$4)=0,"",SUMIFS(Data_Long_Form!$D:$D,Data_Long_Form!$C:$C,Data_Pivot_Table!$V68,Data_Long_Form!$A:$A,Data_Pivot_Table!X$4)) -> 404.02725 | Y68: =+IF(SUMIFS(Data_Long_Form!$D:$D,Data_Long_Form!$C:$C,Data_Pivot_Table!$V68,Data_Long_Form!$A:$A,Data_Pivot_Table!Y$4)=0,"",SUMIFS(Data_Long_Form!$D:$D,Data_Long_Form!$C:$C,Data_Pivot_Table!$V68,Data_Long_Form!$A:$A,Data_Pivot_Table!Y$4)) -> 273.36109 | Z68: =+IF(SUMIFS(Data_Long_Form!$D:$D,Data_Long_Form!$C:$C,Data_Pivot_Table!$V68,Data_Long_Form!$A:$A,Data_Pivot_Table!Z$4)=0,"",SUMIFS(Data_Long_Form!$D:$D,Data_Long_Form!$C:$C,Data_Pivot_Table!$V68,Data_Long_Form!$A:$A,Data_Pivot_Table!Z$4)) -> 502.79133 | AA68: =+IF(SUMIFS(Data_Long_Form!$D:$D,Data_Long_Form!$C:$C,Data_Pivot_Table!$V68,Data_Long_Form!$A:$A,Data_Pivot_Table!AA$4)=0,"",SUMIFS(Data_Long_Form!$D:$D,Data_Long_Form!$C:$C,Data_Pivot_Table!$V68,Data_Long_Form!$A:$A,Data_Pivot_Table!AA$4)) | AB68: =+IF(SUMIFS(Data_Long_Form!$D:$D,Data_Long_Form!$C:$C,Data_Pivot_Table!$V68,Data_Long_Form!$A:$A,Data_Pivot_Table!AB$4)=0,"",SUMIFS(Data_Long_Form!$D:$D,Data_Long_Form!$C:$C,Data_Pivot_Table!$V68,Data_Long_Form!$A:$A,Data_Pivot_Table!AB$4)) -> 536.31261 | AC68: =+IF(SUMIFS(Data_Long_Form!$D:$D,Data_Long_Form!$C:$C,Data_Pivot_Table!$V68,Data_Long_Form!$A:$A,Data_Pivot_Table!AC$4)=0,"",SUMIFS(Data_Long_Form!$D:$D,Data_Long_Form!$C:$C,Data_Pivot_Table!$V68,Data_Long_Form!$A:$A,Data_Pivot_Table!AC$4))
A69: 0.42278935 | G69: 1 | I69: 1 | K69: 0.42278935 | M69: 1 | S69: 1 | V69: 0.42278935 | W69: =+IF(SUMIFS(Data_Long_Form!$D:$D,Data_Long_Form!$C:$C,Data_Pivot_Table!$V69,Data_Long_Form!$A:$A,Data_Pivot_Table!W$4)=0,"",SUMIFS(Data_Long_Form!$D:$D,Data_Long_Form!$C:$C,Data_Pivot_Table!$V69,Data_Long_Form!$A:$A,Data_Pivot_Table!W$4)) | X69: =+IF(SUMIFS(Data_Long_Form!$D:$D,Data_Long_Form!$C:$C,Data_Pivot_Table!$V69,Data_Long_Form!$A:$A,Data_Pivot_Table!X$4)=0,"",SUMIFS(Data_Long_Form!$D:$D,Data_Long_Form!$C:$C,Data_Pivot_Table!$V69,Data_Long_Form!$A:$A,Data_Pivot_Table!X$4)) -> 434.32222 | Y69: =+IF(SUMIFS(Data_Long_Form!$D:$D,Data_Long_Form!$C:$C,Data_Pivot_Table!$V69,Data_Long_Form!$A:$A,Data_Pivot_Table!Y$4)=0,"",SUMIFS(Data_Long_Form!$D:$D,Data_Long_Form!$C:$C,Data_Pivot_Table!$V69,Data_Long_Form!$A:$A,Data_Pivot_Table!Y$4)) | Z69: =+IF(SUMIFS(Data_Long_Form!$D:$D,Data_Long_Form!$C:$C,Data_Pivot_Table!$V69,Data_Long_Form!$A:$A,Data_Pivot_Table!Z$4)=0,"",SUMIFS(Data_Long_Form!$D:$D,Data_Long_Form!$C:$C,Data_Pivot_Table!$V69,Data_Long_Form!$A:$A,Data_Pivot_Table!Z$4)) | AA69: =+IF(SUMIFS(Data_Long_Form!$D:$D,Data_Long_Form!$C:$C,Data_Pivot_Table!$V69,Data_Long_Form!$A:$A,Data_Pivot_Table!AA$4)=0,"",SUMIFS(Data_Long_Form!$D:$D,Data_Long_Form!$C:$C,Data_Pivot_Table!$V69,Data_Long_Form!$A:$A,Data_Pivot_Table!AA$4)) | AB69: =+IF(SUMIFS(Data_Long_Form!$D:$D,Data_Long_Form!$C:$C,Data_Pivot_Table!$V69,Data_Long_Form!$A:$A,Data_Pivot_Table!AB$4)=0,"",SUMIFS(Data_Long_Form!$D:$D,Data_Long_Form!$C:$C,Data_Pivot_Table!$V69,Data_Long_Form!$A:$A,Data_Pivot_Table!AB$4)) | AC69: =+IF(SUMIFS(Data_Long_Form!$D:$D,Data_Long_Form!$C:$C,Data_Pivot_Table!$V69,Data_Long_Form!$A:$A,Data_Pivot_Table!AC$4)=0,"",SUMIFS(Data_Long_Form!$D:$D,Data_Long_Form!$C:$C,Data_Pivot_Table!$V69,Data_Long_Form!$A:$A,Data_Pivot_Table!AC$4))
A70: 0.42280093 | B70: 1 | G70: 1 | I70: 2 | K70: 0.42280093 | M70: 1 | O70: 1 | S70: 2 | V70: 0.42280093 | W70: =+IF(SUMIFS(Data_Long_Form!$D:$D,Data_Long_Form!$C:$C,Data_Pivot_Table!$V70,Data_Long_Form!$A:$A,Data_Pivot_Table!W$4)=0,"",SUMIFS(Data_Long_Form!$D:$D,Data_Long_Form!$C:$C,Data_Pivot_Table!$V70,Data_Long_Form!$A:$A,Data_Pivot_Table!W$4)) | X70: =+IF(SUMIFS(Data_Long_Form!$D:$D,Data_Long_Form!$C:$C,Data_Pivot_Table!$V70,Data_Long_Form!$A:$A,Data_Pivot_Table!X$4)=0,"",SUMIFS(Data_Long_Form!$D:$D,Data_Long_Form!$C:$C,Data_Pivot_Table!$V70,Data_Long_Form!$A:$A,Data_Pivot_Table!X$4)) -> 410.37903 | Y70: =+IF(SUMIFS(Data_Long_Form!$D:$D,Data_Long_Form!$C:$C,Data_Pivot_Table!$V70,Data_Long_Form!$A:$A,Data_Pivot_Table!Y$4)=0,"",SUMIFS(Data_Long_Form!$D:$D,Data_Long_Form!$C:$C,Data_Pivot_Table!$V70,Data_Long_Form!$A:$A,Data_Pivot_Table!Y$4)) | Z70: =+IF(SUMIFS(Data_Long_Form!$D:$D,Data_Long_Form!$C:$C,Data_Pivot_Table!$V70,Data_Long_Form!$A:$A,Data_Pivot_Table!Z$4)=0,"",SUMIFS(Data_Long_Form!$D:$D,Data_Long_Form!$C:$C,Data_Pivot_Table!$V70,Data_Long_Form!$A:$A,Data_Pivot_Table!Z$4)) -> 466.42418 | AA70: =+IF(SUMIFS(Data_Long_Form!$D:$D,Data_Long_Form!$C:$C,Data_Pivot_Table!$V70,Data_Long_Form!$A:$A,Data_Pivot_Table!AA$4)=0,"",SUMIFS(Data_Long_Form!$D:$D,Data_Long_Form!$C:$C,Data_Pivot_Table!$V70,Data_Long_Form!$A:$A,Data_Pivot_Table!AA$4)) | AB70: =+IF(SUMIFS(Data_Long_Form!$D:$D,Data_Long_Form!$C:$C,Data_Pivot_Table!$V70,Data_Long_Form!$A:$A,Data_Pivot_Table!AB$4)=0,"",SUMIFS(Data_Long_Form!$D:$D,Data_Long_Form!$C:$C,Data_Pivot_Table!$V70,Data_Long_Form!$A:$A,Data_Pivot_Table!AB$4)) | AC70: =+IF(SUMIFS(Data_Long_Form!$D:$D,Data_Long_Form!$C:$C,Data_Pivot_Table!$V70,Data_Long_Form!$A:$A,Data_Pivot_Table!AC$4)=0,"",SUMIFS(Data_Long_Form!$D:$D,Data_Long_Form!$C:$C,Data_Pivot_Table!$V70,Data_Long_Form!$A:$A,Data_Pivot_Table!AC$4))
A71: 0.4228125 | B71: 1 | G71: 1 | I71: 2 | K71: 0.4228125 | M71: 1 | O71: 1 | S71: 2 | V71: 0.4228125 | W71: =+IF(SUMIFS(Data_Long_Form!$D:$D,Data_Long_Form!$C:$C,Data_Pivot_Table!$V71,Data_Long_Form!$A:$A,Data_Pivot_Table!W$4)=0,"",SUMIFS(Data_Long_Form!$D:$D,Data_Long_Form!$C:$C,Data_Pivot_Table!$V71,Data_Long_Form!$A:$A,Data_Pivot_Table!W$4)) | X71: =+IF(SUMIFS(Data_Long_Form!$D:$D,Data_Long_Form!$C:$C,Data_Pivot_Table!$V71,Data_Long_Form!$A:$A,Data_Pivot_Table!X$4)=0,"",SUMIFS(Data_Long_Form!$D:$D,Data_Long_Form!$C:$C,Data_Pivot_Table!$V71,Data_Long_Form!$A:$A,Data_Pivot_Table!X$4)) -> 402.10947 | Y71: =+IF(SUMIFS(Data_Long_Form!$D:$D,Data_Long_Form!$C:$C,Data_Pivot_Table!$V71,Data_Long_Form!$A:$A,Data_Pivot_Table!Y$4)=0,"",SUMIFS(Data_Long_Form!$D:$D,Data_Long_Form!$C:$C,Data_Pivot_Table!$V71,Data_Long_Form!$A:$A,Data_Pivot_Table!Y$4)) | Z71: =+IF(SUMIFS(Data_Long_Form!$D:$D,Data_Long_Form!$C:$C,Data_Pivot_Table!$V71,Data_Long_Form!$A:$A,Data_Pivot_Table!Z$4)=0,"",SUMIFS(Data_Long_Form!$D:$D,Data_Long_Form!$C:$C,Data_Pivot_Table!$V71,Data_Long_Form!$A:$A,Data_Pivot_Table!Z$4)) -> 442.37819 | AA71: =+IF(SUMIFS(Data_Long_Form!$D:$D,Data_Long_Form!$C:$C,Data_Pivot_Table!$V71,Data_Long_Form!$A:$A,Data_Pivot_Table!AA$4)=0,"",SUMIFS(Data_Long_Form!$D:$D,Data_Long_Form!$C:$C,Data_Pivot_Table!$V71,Data_Long_Form!$A:$A,Data_Pivot_Table!AA$4)) | AB71: =+IF(SUMIFS(Data_Long_Form!$D:$D,Data_Long_Form!$C:$C,Data_Pivot_Table!$V71,Data_Long_Form!$A:$A,Data_Pivot_Table!AB$4)=0,"",SUMIFS(Data_Long_Form!$D:$D,Data_Long_Form!$C:$C,Data_Pivot_Table!$V71,Data_Long_Form!$A:$A,Data_Pivot_Table!AB$4)) | AC71: =+IF(SUMIFS(Data_Long_Form!$D:$D,Data_Long_Form!$C:$C,Data_Pivot_Table!$V71,Data_Long_Form!$A:$A,Data_Pivot_Table!AC$4)=0,"",SUMIFS(Data_Long_Form!$D:$D,Data_Long_Form!$C:$C,Data_Pivot_Table!$V71,Data_Long_Form!$A:$A,Data_Pivot_Table!AC$4))
A72: 0.42282407 | B72: 1 | G72: 1 | I72: 2 | K72: 0.42282407 | M72: 1 | O72: 1 | S72: 2 | V72: 0.42282407 | W72: =+IF(SUMIFS(Data_Long_Form!$D:$D,Data_Long_Form!$C:$C,Data_Pivot_Table!$V72,Data_Long_Form!$A:$A,Data_Pivot_Table!W$4)=0,"",SUMIFS(Data_Long_Form!$D:$D,Data_Long_Form!$C:$C,Data_Pivot_Table!$V72,Data_Long_Form!$A:$A,Data_Pivot_Table!W$4)) | X72: =+IF(SUMIFS(Data_Long_Form!$D:$D,Data_Long_Form!$C:$C,Data_Pivot_Table!$V72,Data_Long_Form!$A:$A,Data_Pivot_Table!X$4)=0,"",SUMIFS(Data_Long_Form!$D:$D,Data_Long_Form!$C:$C,Data_Pivot_Table!$V72,Data_Long_Form!$A:$A,Data_Pivot_Table!X$4)) -> 386.62388 | Y72: =+IF(SUMIFS(Data_Long_Form!$D:$D,Data_Long_Form!$C:$C,Data_Pivot_Table!$V72,Data_Long_Form!$A:$A,Data_Pivot_Table!Y$4)=0,"",SUMIFS(Data_Long_Form!$D:$D,Data_Long_Form!$C:$C,Data_Pivot_Table!$V72,Data_Long_Form!$A:$A,Data_Pivot_Table!Y$4)) | Z72: =+IF(SUMIFS(Data_Long_Form!$D:$D,Data_Long_Form!$C:$C,Data_Pivot_Table!$V72,Data_Long_Form!$A:$A,Data_Pivot_Table!Z$4)=0,"",SUMIFS(Data_Long_Form!$D:$D,Data_Long_Form!$C:$C,Data_Pivot_Table!$V72,Data_Long_Form!$A:$A,Data_Pivot_Table!Z$4)) -> 447.28916 | AA72: =+IF(SUMIFS(Data_Long_Form!$D:$D,Data_Long_Form!$C:$C,Data_Pivot_Table!$V72,Data_Long_Form!$A:$A,Data_Pivot_Table!AA$4)=0,"",SUMIFS(Data_Long_Form!$D:$D,Data_Long_Form!$C:$C,Data_Pivot_Table!$V72,Data_Long_Form!$A:$A,Data_Pivot_Table!AA$4)) | AB72: =+IF(SUMIFS(Data_Long_Form!$D:$D,Data_Long_Form!$C:$C,Data_Pivot_Table!$V72,Data_Long_Form!$A:$A,Data_Pivot_Table!AB$4)=0,"",SUMIFS(Data_Long_Form!$D:$D,Data_Long_Form!$C:$C,Data_Pivot_Table!$V72,Data_Long_Form!$A:$A,Data_Pivot_Table!AB$4)) | AC72: =+IF(SUMIFS(Data_Long_Form!$D:$D,Data_Long_Form!$C:$C,Data_Pivot_Table!$V72,Data_Long_Form!$A:$A,Data_Pivot_Table!AC$4)=0,"",SUMIFS(Data_Long_Form!$D:$D,Data_Long_Form!$C:$C,Data_Pivot_Table!$V72,Data_Long_Form!$A:$A,Data_Pivot_Table!AC$4))
A73: 0.42283565 | B73: 1 | F73: 1 | G73: 1 | I73: 3 | K73: 0.42283565 | L73: 1 | M73: 1 | O73: 1 | S73: 3 | V73: 0.42283565 | W73: =+IF(SUMIFS(Data_Long_Form!$D:$D,Data_Long_Form!$C:$C,Data_Pivot_Table!$V73,Data_Long_Form!$A:$A,Data_Pivot_Table!W$4)=0,"",SUMIFS(Data_Long_Form!$D:$D,Data_Long_Form!$C:$C,Data_Pivot_Table!$V73,Data_Long_Form!$A:$A,Data_Pivot_Table!W$4)) -> 330.63831 | X73: =+IF(SUMIFS(Data_Long_Form!$D:$D,Data_Long_Form!$C:$C,Data_Pivot_Table!$V73,Data_Long_Form!$A:$A,Data_Pivot_Table!X$4)=0,"",SUMIFS(Data_Long_Form!$D:$D,Data_Long_Form!$C:$C,Data_Pivot_Table!$V73,Data_Long_Form!$A:$A,Data_Pivot_Table!X$4)) -> 369.38593 | Y73: =+IF(SUMIFS(Data_Long_Form!$D:$D,Data_Long_Form!$C:$C,Data_Pivot_Table!$V73,Data_Long_Form!$A:$A,Data_Pivot_Table!Y$4)=0,"",SUMIFS(Data_Long_Form!$D:$D,Data_Long_Form!$C:$C,Data_Pivot_Table!$V73,Data_Long_Form!$A:$A,Data_Pivot_Table!Y$4)) | Z73: =+IF(SUMIFS(Data_Long_Form!$D:$D,Data_Long_Form!$C:$C,Data_Pivot_Table!$V73,Data_Long_Form!$A:$A,Data_Pivot_Table!Z$4)=0,"",SUMIFS(Data_Long_Form!$D:$D,Data_Long_Form!$C:$C,Data_Pivot_Table!$V73,Data_Long_Form!$A:$A,Data_Pivot_Table!Z$4)) -> 458.00184 | AA73: =+IF(SUMIFS(Data_Long_Form!$D:$D,Data_Long_Form!$C:$C,Data_Pivot_Table!$V73,Data_Long_Form!$A:$A,Data_Pivot_Table!AA$4)=0,"",SUMIFS(Data_Long_Form!$D:$D,Data_Long_Form!$C:$C,Data_Pivot_Table!$V73,Data_Long_Form!$A:$A,Data_Pivot_Table!AA$4)) | AB73: =+IF(SUMIFS(Data_Long_Form!$D:$D,Data_Long_Form!$C:$C,Data_Pivot_Table!$V73,Data_Long_Form!$A:$A,Data_Pivot_Table!AB$4)=0,"",SUMIFS(Data_Long_Form!$D:$D,Data_Long_Form!$C:$C,Data_Pivot_Table!$V73,Data_Long_Form!$A:$A,Data_Pivot_Table!AB$4)) | AC73: =+IF(SUMIFS(Data_Long_Form!$D:$D,Data_Long_Form!$C:$C,Data_Pivot_Table!$V73,Data_Long_Form!$A:$A,Data_Pivot_Table!AC$4)=0,"",SUMIFS(Data_Long_Form!$D:$D,Data_Long_Form!$C:$C,Data_Pivot_Table!$V73,Data_Long_Form!$A:$A,Data_Pivot_Table!AC$4))
A74: 0.42284722 | B74: 1 | F74: 1 | G74: 1 | I74: 3 | K74: 0.42284722 | L74: 1 | M74: 1 | O74: 1 | S74: 3 | V74: 0.42284722 | W74: =+IF(SUMIFS(Data_Long_Form!$D:$D,Data_Long_Form!$C:$C,Data_Pivot_Table!$V74,Data_Long_Form!$A:$A,Data_Pivot_Table!W$4)=0,"",SUMIFS(Data_Long_Form!$D:$D,Data_Long_Form!$C:$C,Data_Pivot_Table!$V74,Data_Long_Form!$A:$A,Data_Pivot_Table!W$4)) -> 346.35789 | X74: =+IF(SUMIFS(Data_Long_Form!$D:$D,Data_Long_Form!$C:$C,Data_Pivot_Table!$V74,Data_Long_Form!$A:$A,Data_Pivot_Table!X$4)=0,"",SUMIFS(Data_Long_Form!$D:$D,Data_Long_Form!$C:$C,Data_Pivot_Table!$V74,Data_Long_Form!$A:$A,Data_Pivot_Table!X$4)) -> 368.97554 | Y74: =+IF(SUMIFS(Data_Long_Form!$D:$D,Data_Long_Form!$C:$C,Data_Pivot_Table!$V74,Data_Long_Form!$A:$A,Data_Pivot_Table!Y$4)=0,"",SUMIFS(Data_Long_Form!$D:$D,Data_Long_Form!$C:$C,Data_Pivot_Table!$V74,Data_Long_Form!$A:$A,Data_Pivot_Table!Y$4)) | Z74: =+IF(SUMIFS(Data_Long_Form!$D:$D,Data_Long_Form!$C:$C,Data_Pivot_Table!$V74,Data_Long_Form!$A:$A,Data_Pivot_Table!Z$4)=0,"",SUMIFS(Data_Long_Form!$D:$D,Data_Long_Form!$C:$C,Data_Pivot_Table!$V74,Data_Long_Form!$A:$A,Data_Pivot_Table!Z$4)) -> 443.57762 | AA74: =+IF(SUMIFS(Data_Long_Form!$D:$D,Data_Long_Form!$C:$C,Data_Pivot_Table!$V74,Data_Long_Form!$A:$A,Data_Pivot_Table!AA$4)=0,"",SUMIFS(Data_Long_Form!$D:$D,Data_Long_Form!$C:$C,Data_Pivot_Table!$V74,Data_Long_Form!$A:$A,Data_Pivot_Table!AA$4)) | AB74: =+IF(SUMIFS(Data_Long_Form!$D:$D,Data_Long_Form!$C:$C,Data_Pivot_Table!$V74,Data_Long_Form!$A:$A,Data_Pivot_Table!AB$4)=0,"",SUMIFS(Data_Long_Form!$D:$D,Data_Long_Form!$C:$C,Data_Pivot_Table!$V74,Data_Long_Form!$A:$A,Data_Pivot_Table!AB$4)) | AC74: =+IF(SUMIFS(Data_Long_Form!$D:$D,Data_Long_Form!$C:$C,Data_Pivot_Table!$V74,Data_Long_Form!$A:$A,Data_Pivot_Table!AC$4)=0,"",SUMIFS(Data_Long_Form!$D:$D,Data_Long_Form!$C:$C,Data_Pivot_Table!$V74,Data_Long_Form!$A:$A,Data_Pivot_Table!AC$4))
A75: 0.4228588 | G75: 1 | I75: 1 | K75: 0.4228588 | M75: 1 | S75: 1 | V75: 0.4228588 | W75: =+IF(SUMIFS(Data_Long_Form!$D:$D,Data_Long_Form!$C:$C,Data_Pivot_Table!$V75,Data_Long_Form!$A:$A,Data_Pivot_Table!W$4)=0,"",SUMIFS(Data_Long_Form!$D:$D,Data_Long_Form!$C:$C,Data_Pivot_Table!$V75,Data_Long_Form!$A:$A,Data_Pivot_Table!W$4)) | X75: =+IF(SUMIFS(Data_Long_Form!$D:$D,Data_Long_Form!$C:$C,Data_Pivot_Table!$V75,Data_Long_Form!$A:$A,Data_Pivot_Table!X$4)=0,"",SUMIFS(Data_Long_Form!$D:$D,Data_Long_Form!$C:$C,Data_Pivot_Table!$V75,Data_Long_Form!$A:$A,Data_Pivot_Table!X$4)) -> 434.0812 | Y75: =+IF(SUMIFS(Data_Long_Form!$D:$D,Data_Long_Form!$C:$C,Data_Pivot_Table!$V75,Data_Long_Form!$A:$A,Data_Pivot_Table!Y$4)=0,"",SUMIFS(Data_Long_Form!$D:$D,Data_Long_Form!$C:$C,Data_Pivot_Table!$V75,Data_Long_Form!$A:$A,Data_Pivot_Table!Y$4)) | Z75: =+IF(SUMIFS(Data_Long_Form!$D:$D,Data_Long_Form!$C:$C,Data_Pivot_Table!$V75,Data_Long_Form!$A:$A,Data_Pivot_Table!Z$4)=0,"",SUMIFS(Data_Long_Form!$D:$D,Data_Long_Form!$C:$C,Data_Pivot_Table!$V75,Data_Long_Form!$A:$A,Data_Pivot_Table!Z$4)) | AA75: =+IF(SUMIFS(Data_Long_Form!$D:$D,Data_Long_Form!$C:$C,Data_Pivot_Table!$V75,Data_Long_Form!$A:$A,Data_Pivot_Table!AA$4)=0,"",SUMIFS(Data_Long_Form!$D:$D,Data_Long_Form!$C:$C,Data_Pivot_Table!$V75,Data_Long_Form!$A:$A,Data_Pivot_Table!AA$4)) | AB75: =+IF(SUMIFS(Data_Long_Form!$D:$D,Data_Long_Form!$C:$C,Data_Pivot_Table!$V75,Data_Long_Form!$A:$A,Data_Pivot_Table!AB$4)=0,"",SUMIFS(Data_Long_Form!$D:$D,Data_Long_Form!$C:$C,Data_Pivot_Table!$V75,Data_Long_Form!$A:$A,Data_Pivot_Table!AB$4)) | AC75: =+IF(SUMIFS(Data_Long_Form!$D:$D,Data_Long_Form!$C:$C,Data_Pivot_Table!$V75,Data_Long_Form!$A:$A,Data_Pivot_Table!AC$4)=0,"",SUMIFS(Data_Long_Form!$D:$D,Data_Long_Form!$C:$C,Data_Pivot_Table!$V75,Data_Long_Form!$A:$A,Data_Pivot_Table!AC$4))
A76: 0.42289352 | G76: 1 | I76: 1 | K76: 0.42289352 | M76: 1 | S76: 1 | V76: 0.42289352 | W76: =+IF(SUMIFS(Data_Long_Form!$D:$D,Data_Long_Form!$C:$C,Data_Pivot_Table!$V76,Data_Long_Form!$A:$A,Data_Pivot_Table!W$4)=0,"",SUMIFS(Data_Long_Form!$D:$D,Data_Long_Form!$C:$C,Data_Pivot_Table!$V76,Data_Long_Form!$A:$A,Data_Pivot_Table!W$4)) | X76: =+IF(SUMIFS(Data_Long_Form!$D:$D,Data_Long_Form!$C:$C,Data_Pivot_Table!$V76,Data_Long_Form!$A:$A,Data_Pivot_Table!X$4)=0,"",SUMIFS(Data_Long_Form!$D:$D,Data_Long_Form!$C:$C,Data_Pivot_Table!$V76,Data_Long_Form!$A:$A,Data_Pivot_Table!X$4)) -> 438.19082 | Y76: =+IF(SUMIFS(Data_Long_Form!$D:$D,Data_Long_Form!$C:$C,Data_Pivot_Table!$V76,Data_Long_Form!$A:$A,Data_Pivot_Table!Y$4)=0,"",SUMIFS(Data_Long_Form!$D:$D,Data_Long_Form!$C:$C,Data_Pivot_Table!$V76,Data_Long_Form!$A:$A,Data_Pivot_Table!Y$4)) | Z76: =+IF(SUMIFS(Data_Long_Form!$D:$D,Data_Long_Form!$C:$C,Data_Pivot_Table!$V76,Data_Long_Form!$A:$A,Data_Pivot_Table!Z$4)=0,"",SUMIFS(Data_Long_Form!$D:$D,Data_Long_Form!$C:$C,Data_Pivot_Table!$V76,Data_Long_Form!$A:$A,Data_Pivot_Table!Z$4)) | AA76: =+IF(SUMIFS(Data_Long_Form!$D:$D,Data_Long_Form!$C:$C,Data_Pivot_Table!$V76,Data_Long_Form!$A:$A,Data_Pivot_Table!AA$4)=0,"",SUMIFS(Data_Long_Form!$D:$D,Data_Long_Form!$C:$C,Data_Pivot_Table!$V76,Data_Long_Form!$A:$A,Data_Pivot_Table!AA$4)) | AB76: =+IF(SUMIFS(Data_Long_Form!$D:$D,Data_Long_Form!$C:$C,Data_Pivot_Table!$V76,Data_Long_Form!$A:$A,Data_Pivot_Table!AB$4)=0,"",SUMIFS(Data_Long_Form!$D:$D,Data_Long_Form!$C:$C,Data_Pivot_Table!$V76,Data_Long_Form!$A:$A,Data_Pivot_Table!AB$4)) | AC76: =+IF(SUMIFS(Data_Long_Form!$D:$D,Data_Long_Form!$C:$C,Data_Pivot_Table!$V76,Data_Long_Form!$A:$A,Data_Pivot_Table!AC$4)=0,"",SUMIFS(Data_Long_Form!$D:$D,Data_Long_Form!$C:$C,Data_Pivot_Table!$V76,Data_Long_Form!$A:$A,Data_Pivot_Table!AC$4))
A77: 0.42295139 | G77: 1 | I77: 1 | K77: 0.42295139 | M77: 1 | S77: 1 | V77: 0.42295139 | W77: =+IF(SUMIFS(Data_Long_Form!$D:$D,Data_Long_Form!$C:$C,Data_Pivot_Table!$V77,Data_Long_Form!$A:$A,Data_Pivot_Table!W$4)=0,"",SUMIFS(Data_Long_Form!$D:$D,Data_Long_Form!$C:$C,Data_Pivot_Table!$V77,Data_Long_Form!$A:$A,Data_Pivot_Table!W$4)) | X77: =+IF(SUMIFS(Data_Long_Form!$D:$D,Data_Long_Form!$C:$C,Data_Pivot_Table!$V77,Data_Long_Form!$A:$A,Data_Pivot_Table!X$4)=0,"",SUMIFS(Data_Long_Form!$D:$D,Data_Long_Form!$C:$C,Data_Pivot_Table!$V77,Data_Long_Form!$A:$A,Data_Pivot_Table!X$4)) -> 375.79128 | Y77: =+IF(SUMIFS(Data_Long_Form!$D:$D,Data_Long_Form!$C:$C,Data_Pivot_Table!$V77,Data_Long_Form!$A:$A,Data_Pivot_Table!Y$4)=0,"",SUMIFS(Data_Long_Form!$D:$D,Data_Long_Form!$C:$C,Data_Pivot_Table!$V77,Data_Long_Form!$A:$A,Data_Pivot_Table!Y$4)) | Z77: =+IF(SUMIFS(Data_Long_Form!$D:$D,Data_Long_Form!$C:$C,Data_Pivot_Table!$V77,Data_Long_Form!$A:$A,Data_Pivot_Table!Z$4)=0,"",SUMIFS(Data_Long_Form!$D:$D,Data_Long_Form!$C:$C,Data_Pivot_Table!$V77,Data_Long_Form!$A:$A,Data_Pivot_Table!Z$4)) | AA77: =+IF(SUMIFS(Data_Long_Form!$D:$D,Data_Long_Form!$C:$C,Data_Pivot_Table!$V77,Data_Long_Form!$A:$A,Data_Pivot_Table!AA$4)=0,"",SUMIFS(Data_Long_Form!$D:$D,Data_Long_Form!$C:$C,Data_Pivot_Table!$V77,Data_Long_Form!$A:$A,Data_Pivot_Table!AA$4)) | AB77: =+IF(SUMIFS(Data_Long_Form!$D:$D,Data_Long_Form!$C:$C,Data_Pivot_Table!$V77,Data_Long_Form!$A:$A,Data_Pivot_Table!AB$4)=0,"",SUMIFS(Data_Long_Form!$D:$D,Data_Long_Form!$C:$C,Data_Pivot_Table!$V77,Data_Long_Form!$A:$A,Data_Pivot_Table!AB$4)) | AC77: =+IF(SUMIFS(Data_Long_Form!$D:$D,Data_Long_Form!$C:$C,Data_Pivot_Table!$V77,Data_Long_Form!$A:$A,Data_Pivot_Table!AC$4)=0,"",SUMIFS(Data_Long_Form!$D:$D,Data_Long_Form!$C:$C,Data_Pivot_Table!$V77,Data_Long_Form!$A:$A,Data_Pivot_Table!AC$4))
A78: 0.42296296 | E78: 1 | G78: 1 | I78: 2 | K78: 0.42296296 | M78: 1 | R78: 1 | S78: 2 | V78: 0.42296296 | W78: =+IF(SUMIFS(Data_Long_Form!$D:$D,Data_Long_Form!$C:$C,Data_Pivot_Table!$V78,Data_Long_Form!$A:$A,Data_Pivot_Table!W$4)=0,"",SUMIFS(Data_Long_Form!$D:$D,Data_Long_Form!$C:$C,Data_Pivot_Table!$V78,Data_Long_Form!$A:$A,Data_Pivot_Table!W$4)) | X78: =+IF(SUMIFS(Data_Long_Form!$D:$D,Data_Long_Form!$C:$C,Data_Pivot_Table!$V78,Data_Long_Form!$A:$A,Data_Pivot_Table!X$4)=0,"",SUMIFS(Data_Long_Form!$D:$D,Data_Long_Form!$C:$C,Data_Pivot_Table!$V78,Data_Long_Form!$A:$A,Data_Pivot_Table!X$4)) -> 395.57412 | Y78: =+IF(SUMIFS(Data_Long_Form!$D:$D,Data_Long_Form!$C:$C,Data_Pivot_Table!$V78,Data_Long_Form!$A:$A,Data_Pivot_Table!Y$4)=0,"",SUMIFS(Data_Long_Form!$D:$D,Data_Long_Form!$C:$C,Data_Pivot_Table!$V78,Data_Long_Form!$A:$A,Data_Pivot_Table!Y$4)) | Z78: =+IF(SUMIFS(Data_Long_Form!$D:$D,Data_Long_Form!$C:$C,Data_Pivot_Table!$V78,Data_Long_Form!$A:$A,Data_Pivot_Table!Z$4)=0,"",SUMIFS(Data_Long_Form!$D:$D,Data_Long_Form!$C:$C,Data_Pivot_Table!$V78,Data_Long_Form!$A:$A,Data_Pivot_Table!Z$4)) | AA78: =+IF(SUMIFS(Data_Long_Form!$D:$D,Data_Long_Form!$C:$C,Data_Pivot_Table!$V78,Data_Long_Form!$A:$A,Data_Pivot_Table!AA$4)=0,"",SUMIFS(Data_Long_Form!$D:$D,Data_Long_Form!$C:$C,Data_Pivot_Table!$V78,Data_Long_Form!$A:$A,Data_Pivot_Table!AA$4)) | AB78: =+IF(SUMIFS(Data_Long_Form!$D:$D,Data_Long_Form!$C:$C,Data_Pivot_Table!$V78,Data_Long_Form!$A:$A,Data_Pivot_Table!AB$4)=0,"",SUMIFS(Data_Long_Form!$D:$D,Data_Long_Form!$C:$C,Data_Pivot_Table!$V78,Data_Long_Form!$A:$A,Data_Pivot_Table!AB$4)) | AC78: =+IF(SUMIFS(Data_Long_Form!$D:$D,Data_Long_Form!$C:$C,Data_Pivot_Table!$V78,Data_Long_Form!$A:$A,Data_Pivot_Table!AC$4)=0,"",SUMIFS(Data_Long_Form!$D:$D,Data_Long_Form!$C:$C,Data_Pivot_Table!$V78,Data_Long_Form!$A:$A,Data_Pivot_Table!AC$4)) -> 530.2001
A79: 0.42297454 | E79: 1 | G79: 1 | I79: 2 | K79: 0.42297454 | M79: 1 | R79: 1 | S79: 2 | V79: 0.42297454 | W79: =+IF(SUMIFS(Data_Long_Form!$D:$D,Data_Long_Form!$C:$C,Data_Pivot_Table!$V79,Data_Long_Form!$A:$A,Data_Pivot_Table!W$4)=0,"",SUMIFS(Data_Long_Form!$D:$D,Data_Long_Form!$C:$C,Data_Pivot_Table!$V79,Data_Long_Form!$A:$A,Data_Pivot_Table!W$4)) | X79: =+IF(SUMIFS(Data_Long_Form!$D:$D,Data_Long_Form!$C:$C,Data_Pivot_Table!$V79,Data_Long_Form!$A:$A,Data_Pivot_Table!X$4)=0,"",SUMIFS(Data_Long_Form!$D:$D,Data_Long_Form!$C:$C,Data_Pivot_Table!$V79,Data_Long_Form!$A:$A,Data_Pivot_Table!X$4)) -> 386.66136 | Y79: =+IF(SUMIFS(Data_Long_Form!$D:$D,Data_Long_Form!$C:$C,Data_Pivot_Table!$V79,Data_Long_Form!$A:$A,Data_Pivot_Table!Y$4)=0,"",SUMIFS(Data_Long_Form!$D:$D,Data_Long_Form!$C:$C,Data_Pivot_Table!$V79,Data_Long_Form!$A:$A,Data_Pivot_Table!Y$4)) | Z79: =+IF(SUMIFS(Data_Long_Form!$D:$D,Data_Long_Form!$C:$C,Data_Pivot_Table!$V79,Data_Long_Form!$A:$A,Data_Pivot_Table!Z$4)=0,"",SUMIFS(Data_Long_Form!$D:$D,Data_Long_Form!$C:$C,Data_Pivot_Table!$V79,Data_Long_Form!$A:$A,Data_Pivot_Table!Z$4)) | AA79: =+IF(SUMIFS(Data_Long_Form!$D:$D,Data_Long_Form!$C:$C,Data_Pivot_Table!$V79,Data_Long_Form!$A:$A,Data_Pivot_Table!AA$4)=0,"",SUMIFS(Data_Long_Form!$D:$D,Data_Long_Form!$C:$C,Data_Pivot_Table!$V79,Data_Long_Form!$A:$A,Data_Pivot_Table!AA$4)) | AB79: =+IF(SUMIFS(Data_Long_Form!$D:$D,Data_Long_Form!$C:$C,Data_Pivot_Table!$V79,Data_Long_Form!$A:$A,Data_Pivot_Table!AB$4)=0,"",SUMIFS(Data_Long_Form!$D:$D,Data_Long_Form!$C:$C,Data_Pivot_Table!$V79,Data_Long_Form!$A:$A,Data_Pivot_Table!AB$4)) | AC79: =+IF(SUMIFS(Data_Long_Form!$D:$D,Data_Long_Form!$C:$C,Data_Pivot_Table!$V79,Data_Long_Form!$A:$A,Data_Pivot_Table!AC$4)=0,"",SUMIFS(Data_Long_Form!$D:$D,Data_Long_Form!$C:$C,Data_Pivot_Table!$V79,Data_Long_Form!$A:$A,Data_Pivot_Table!AC$4)) -> 498.96541
A80: 0.42298611 | G80: 1 | I80: 1 | K80: 0.42298611 | M80: 1 | S80: 1 | V80: 0.42298611 | W80: =+IF(SUMIFS(Data_Long_Form!$D:$D,Data_Long_Form!$C:$C,Data_Pivot_Table!$V80,Data_Long_Form!$A:$A,Data_Pivot_Table!W$4)=0,"",SUMIFS(Data_Long_Form!$D:$D,Data_Long_Form!$C:$C,Data_Pivot_Table!$V80,Data_Long_Form!$A:$A,Data_Pivot_Table!W$4)) | X80: =+IF(SUMIFS(Data_Long_Form!$D:$D,Data_Long_Form!$C:$C,Data_Pivot_Table!$V80,Data_Long_Form!$A:$A,Data_Pivot_Table!X$4)=0,"",SUMIFS(Data_Long_Form!$D:$D,Data_Long_Form!$C:$C,Data_Pivot_Table!$V80,Data_Long_Form!$A:$A,Data_Pivot_Table!X$4)) -> 374.07937 | Y80: =+IF(SUMIFS(Data_Long_Form!$D:$D,Data_Long_Form!$C:$C,Data_Pivot_Table!$V80,Data_Long_Form!$A:$A,Data_Pivot_Table!Y$4)=0,"",SUMIFS(Data_Long_Form!$D:$D,Data_Long_Form!$C:$C,Data_Pivot_Table!$V80,Data_Long_Form!$A:$A,Data_Pivot_Table!Y$4)) | Z80: =+IF(SUMIFS(Data_Long_Form!$D:$D,Data_Long_Form!$C:$C,Data_Pivot_Table!$V80,Data_Long_Form!$A:$A,Data_Pivot_Table!Z$4)=0,"",SUMIFS(Data_Long_Form!$D:$D,Data_Long_Form!$C:$C,Data_Pivot_Table!$V80,Data_Long_Form!$A:$A,Data_Pivot_Table!Z$4)) | AA80: =+IF(SUMIFS(Data_Long_Form!$D:$D,Data_Long_Form!$C:$C,Data_Pivot_Table!$V80,Data_Long_Form!$A:$A,Data_Pivot_Table!AA$4)=0,"",SUMIFS(Data_Long_Form!$D:$D,Data_Long_Form!$C:$C,Data_Pivot_Table!$V80,Data_Long_Form!$A:$A,Data_Pivot_Table!AA$4)) | AB80: =+IF(SUMIFS(Data_Long_Form!$D:$D,Data_Long_Form!$C:$C,Data_Pivot_Table!$V80,Data_Long_Form!$A:$A,Data_Pivot_Table!AB$4)=0,"",SUMIFS(Data_Long_Form!$D:$D,Data_Long_Form!$C:$C,Data_Pivot_Table!$V80,Data_Long_Form!$A:$A,Data_Pivot_Table!AB$4)) | AC80: =+IF(SUMIFS(Data_Long_Form!$D:$D,Data_Long_Form!$C:$C,Data_Pivot_Table!$V80,Data_Long_Form!$A:$A,Data_Pivot_Table!AC$4)=0,"",SUMIFS(Data_Long_Form!$D:$D,Data_Long_Form!$C:$C,Data_Pivot_Table!$V80,Data_Long_Form!$A:$A,Data_Pivot_Table!AC$4))
A81: 0.42415509 | E81: 1 | G81: 1 | I81: 2 | K81: 0.42415509 | M81: 1 | R81: 1 | S81: 2 | V81: 0.42415509 | W81: =+IF(SUMIFS(Data_Long_Form!$D:$D,Data_Long_Form!$C:$C,Data_Pivot_Table!$V81,Data_Long_Form!$A:$A,Data_Pivot_Table!W$4)=0,"",SUMIFS(Data_Long_Form!$D:$D,Data_Long_Form!$C:$C,Data_Pivot_Table!$V81,Data_Long_Form!$A:$A,Data_Pivot_Table!W$4)) | X81: =+IF(SUMIFS(Data_Long_Form!$D:$D,Data_Long_Form!$C:$C,Data_Pivot_Table!$V81,Data_Long_Form!$A:$A,Data_Pivot_Table!X$4)=0,"",SUMIFS(Data_Long_Form!$D:$D,Data_Long_Form!$C:$C,Data_Pivot_Table!$V81,Data_Long_Form!$A:$A,Data_Pivot_Table!X$4)) -> 377.71247 | Y81: =+IF(SUMIFS(Data_Long_Form!$D:$D,Data_Long_Form!$C:$C,Data_Pivot_Table!$V81,Data_Long_Form!$A:$A,Data_Pivot_Table!Y$4)=0,"",SUMIFS(Data_Long_Form!$D:$D,Data_Long_Form!$C:$C,Data_Pivot_Table!$V81,Data_Long_Form!$A:$A,Data_Pivot_Table!Y$4)) | Z81: =+IF(SUMIFS(Data_Long_Form!$D:$D,Data_Long_Form!$C:$C,Data_Pivot_Table!$V81,Data_Long_Form!$A:$A,Data_Pivot_Table!Z$4)=0,"",SUMIFS(Data_Long_Form!$D:$D,Data_Long_Form!$C:$C,Data_Pivot_Table!$V81,Data_Long_Form!$A:$A,Data_Pivot_Table!Z$4)) | AA81: =+IF(SUMIFS(Data_Long_Form!$D:$D,Data_Long_Form!$C:$C,Data_Pivot_Table!$V81,Data_Long_Form!$A:$A,Data_Pivot_Table!AA$4)=0,"",SUMIFS(Data_Long_Form!$D:$D,Data_Long_Form!$C:$C,Data_Pivot_Table!$V81,Data_Long_Form!$A:$A,Data_Pivot_Table!AA$4)) | AB81: =+IF(SUMIFS(Data_Long_Form!$D:$D,Data_Long_Form!$C:$C,Data_Pivot_Table!$V81,Data_Long_Form!$A:$A,Data_Pivot_Table!AB$4)=0,"",SUMIFS(Data_Long_Form!$D:$D,Data_Long_Form!$C:$C,Data_Pivot_Table!$V81,Data_Long_Form!$A:$A,Data_Pivot_Table!AB$4)) | AC81: =+IF(SUMIFS(Data_Long_Form!$D:$D,Data_Long_Form!$C:$C,Data_Pivot_Table!$V81,Data_Long_Form!$A:$A,Data_Pivot_Table!AC$4)=0,"",SUMIFS(Data_Long_Form!$D:$D,Data_Long_Form!$C:$C,Data_Pivot_Table!$V81,Data_Long_Form!$A:$A,Data_Pivot_Table!AC$4)) -> 414.6499
A82: 0.42416667 | D82: 1 | E82: 1 | G82: 1 | I82: 3 | K82: 0.42416667 | M82: 1 | Q82: 1 | R82: 1 | S82: 3 | V82: 0.42416667 | W82: =+IF(SUMIFS(Data_Long_Form!$D:$D,Data_Long_Form!$C:$C,Data_Pivot_Table!$V82,Data_Long_Form!$A:$A,Data_Pivot_Table!W$4)=0,"",SUMIFS(Data_Long_Form!$D:$D,Data_Long_Form!$C:$C,Data_Pivot_Table!$V82,Data_Long_Form!$A:$A,Data_Pivot_Table!W$4)) | X82: =+IF(SUMIFS(Data_Long_Form!$D:$D,Data_Long_Form!$C:$C,Data_Pivot_Table!$V82,Data_Long_Form!$A:$A,Data_Pivot_Table!X$4)=0,"",SUMIFS(Data_Long_Form!$D:$D,Data_Long_Form!$C:$C,Data_Pivot_Table!$V82,Data_Long_Form!$A:$A,Data_Pivot_Table!X$4)) -> 361.18607 | Y82: =+IF(SUMIFS(Data_Long_Form!$D:$D,Data_Long_Form!$C:$C,Data_Pivot_Table!$V82,Data_Long_Form!$A:$A,Data_Pivot_Table!Y$4)=0,"",SUMIFS(Data_Long_Form!$D:$D,Data_Long_Form!$C:$C,Data_Pivot_Table!$V82,Data_Long_Form!$A:$A,Data_Pivot_Table!Y$4)) | Z82: =+IF(SUMIFS(Data_Long_Form!$D:$D,Data_Long_Form!$C:$C,Data_Pivot_Table!$V82,Data_Long_Form!$A:$A,Data_Pivot_Table!Z$4)=0,"",SUMIFS(Data_Long_Form!$D:$D,Data_Long_Form!$C:$C,Data_Pivot_Table!$V82,Data_Long_Form!$A:$A,Data_Pivot_Table!Z$4)) | AA82: =+IF(SUMIFS(Data_Long_Form!$D:$D,Data_Long_Form!$C:$C,Data_Pivot_Table!$V82,Data_Long_Form!$A:$A,Data_Pivot_Table!AA$4)=0,"",SUMIFS(Data_Long_Form!$D:$D,Data_Long_Form!$C:$C,Data_Pivot_Table!$V82,Data_Long_Form!$A:$A,Data_Pivot_Table!AA$4)) | AB82: =+IF(SUMIFS(Data_Long_Form!$D:$D,Data_Long_Form!$C:$C,Data_Pivot_Table!$V82,Data_Long_Form!$A:$A,Data_Pivot_Table!AB$4)=0,"",SUMIFS(Data_Long_Form!$D:$D,Data_Long_Form!$C:$C,Data_Pivot_Table!$V82,Data_Long_Form!$A:$A,Data_Pivot_Table!AB$4)) -> 372.82789 | AC82: =+IF(SUMIFS(Data_Long_Form!$D:$D,Data_Long_Form!$C:$C,Data_Pivot_Table!$V82,Data_Long_Form!$A:$A,Data_Pivot_Table!AC$4)=0,"",SUMIFS(Data_Long_Form!$D:$D,Data_Long_Form!$C:$C,Data_Pivot_Table!$V82,Data_Long_Form!$A:$A,Data_Pivot_Table!AC$4)) -> 402.79034
A83: 0.42417824 | E83: 1 | G83: 1 | I83: 2 | K83: 0.42417824 | M83: 1 | R83: 1 | S83: 2 | V83: 0.42417824 | W83: =+IF(SUMIFS(Data_Long_Form!$D:$D,Data_Long_Form!$C:$C,Data_Pivot_Table!$V83,Data_Long_Form!$A:$A,Data_Pivot_Table!W$4)=0,"",SUMIFS(Data_Long_Form!$D:$D,Data_Long_Form!$C:$C,Data_Pivot_Table!$V83,Data_Long_Form!$A:$A,Data_Pivot_Table!W$4)) | X83: =+IF(SUMIFS(Data_Long_Form!$D:$D,Data_Long_Form!$C:$C,Data_Pivot_Table!$V83,Data_Long_Form!$A:$A,Data_Pivot_Table!X$4)=0,"",SUMIFS(Data_Long_Form!$D:$D,Data_Long_Form!$C:$C,Data_Pivot_Table!$V83,Data_Long_Form!$A:$A,Data_Pivot_Table!X$4)) -> 367.5263 | Y83: =+IF(SUMIFS(Data_Long_Form!$D:$D,Data_Long_Form!$C:$C,Data_Pivot_Table!$V83,Data_Long_Form!$A:$A,Data_Pivot_Table!Y$4)=0,"",SUMIFS(Data_Long_Form!$D:$D,Data_Long_Form!$C:$C,Data_Pivot_Table!$V83,Data_Long_Form!$A:$A,Data_Pivot_Table!Y$4)) | Z83: =+IF(SUMIFS(Data_Long_Form!$D:$D,Data_Long_Form!$C:$C,Data_Pivot_Table!$V83,Data_Long_Form!$A:$A,Data_Pivot_Table!Z$4)=0,"",SUMIFS(Data_Long_Form!$D:$D,Data_Long_Form!$C:$C,Data_Pivot_Table!$V83,Data_Long_Form!$A:$A,Data_Pivot_Table!Z$4)) | AA83: =+IF(SUMIFS(Data_Long_Form!$D:$D,Data_Long_Form!$C:$C,Data_Pivot_Table!$V83,Data_Long_Form!$A:$A,Data_Pivot_Table!AA$4)=0,"",SUMIFS(Data_Long_Form!$D:$D,Data_Long_Form!$C:$C,Data_Pivot_Table!$V83,Data_Long_Form!$A:$A,Data_Pivot_Table!AA$4)) | AB83: =+IF(SUMIFS(Data_Long_Form!$D:$D,Data_Long_Form!$C:$C,Data_Pivot_Table!$V83,Data_Long_Form!$A:$A,Data_Pivot_Table!AB$4)=0,"",SUMIFS(Data_Long_Form!$D:$D,Data_Long_Form!$C:$C,Data_Pivot_Table!$V83,Data_Long_Form!$A:$A,Data_Pivot_Table!AB$4)) | AC83: =+IF(SUMIFS(Data_Long_Form!$D:$D,Data_Long_Form!$C:$C,Data_Pivot_Table!$V83,Data_Long_Form!$A:$A,Data_Pivot_Table!AC$4)=0,"",SUMIFS(Data_Long_Form!$D:$D,Data_Long_Form!$C:$C,Data_Pivot_Table!$V83,Data_Long_Form!$A:$A,Data_Pivot_Table!AC$4)) -> 377.90513
A84: 0.42423611 | F84: 1 | G84: 1 | I84: 2 | K84: 0.42423611 | L84: 1 | M84: 1 | S84: 2 | V84: 0.42423611 | W84: =+IF(SUMIFS(Data_Long_Form!$D:$D,Data_Long_Form!$C:$C,Data_Pivot_Table!$V84,Data_Long_Form!$A:$A,Data_Pivot_Table!W$4)=0,"",SUMIFS(Data_Long_Form!$D:$D,Data_Long_Form!$C:$C,Data_Pivot_Table!$V84,Data_Long_Form!$A:$A,Data_Pivot_Table!W$4)) -> 396.5343 | X84: =+IF(SUMIFS(Data_Long_Form!$D:$D,Data_Long_Form!$C:$C,Data_Pivot_Table!$V84,Data_Long_Form!$A:$A,Data_Pivot_Table!X$4)=0,"",SUMIFS(Data_Long_Form!$D:$D,Data_Long_Form!$C:$C,Data_Pivot_Table!$V84,Data_Long_Form!$A:$A,Data_Pivot_Table!X$4)) -> 388.16646 | Y84: =+IF(SUMIFS(Data_Long_Form!$D:$D,Data_Long_Form!$C:$C,Data_Pivot_Table!$V84,Data_Long_Form!$A:$A,Data_Pivot_Table!Y$4)=0,"",SUMIFS(Data_Long_Form!$D:$D,Data_Long_Form!$C:$C,Data_Pivot_Table!$V84,Data_Long_Form!$A:$A,Data_Pivot_Table!Y$4)) | Z84: =+IF(SUMIFS(Data_Long_Form!$D:$D,Data_Long_Form!$C:$C,Data_Pivot_Table!$V84,Data_Long_Form!$A:$A,Data_Pivot_Table!Z$4)=0,"",SUMIFS(Data_Long_Form!$D:$D,Data_Long_Form!$C:$C,Data_Pivot_Table!$V84,Data_Long_Form!$A:$A,Data_Pivot_Table!Z$4)) | AA84: =+IF(SUMIFS(Data_Long_Form!$D:$D,Data_Long_Form!$C:$C,Data_Pivot_Table!$V84,Data_Long_Form!$A:$A,Data_Pivot_Table!AA$4)=0,"",SUMIFS(Data_Long_Form!$D:$D,Data_Long_Form!$C:$C,Data_Pivot_Table!$V84,Data_Long_Form!$A:$A,Data_Pivot_Table!AA$4)) | AB84: =+IF(SUMIFS(Data_Long_Form!$D:$D,Data_Long_Form!$C:$C,Data_Pivot_Table!$V84,Data_Long_Form!$A:$A,Data_Pivot_Table!AB$4)=0,"",SUMIFS(Data_Long_Form!$D:$D,Data_Long_Form!$C:$C,Data_Pivot_Table!$V84,Data_Long_Form!$A:$A,Data_Pivot_Table!AB$4)) | AC84: =+IF(SUMIFS(Data_Long_Form!$D:$D,Data_Long_Form!$C:$C,Data_Pivot_Table!$V84,Data_Long_Form!$A:$A,Data_Pivot_Table!AC$4)=0,"",SUMIFS(Data_Long_Form!$D:$D,Data_Long_Form!$C:$C,Data_Pivot_Table!$V84,Data_Long_Form!$A:$A,Data_Pivot_Table!AC$4))
A85: 0.42424769 | C85: 1 | E85: 1 | F85: 1 | G85: 1 | I85: 4 | K85: 0.42424769 | L85: 1 | M85: 1 | P85: 1 | R85: 1 | S85: 4 | V85: 0.42424769 | W85: =+IF(SUMIFS(Data_Long_Form!$D:$D,Data_Long_Form!$C:$C,Data_Pivot_Table!$V85,Data_Long_Form!$A:$A,Data_Pivot_Table!W$4)=0,"",SUMIFS(Data_Long_Form!$D:$D,Data_Long_Form!$C:$C,Data_Pivot_Table!$V85,Data_Long_Form!$A:$A,Data_Pivot_Table!W$4)) -> 372.30167 | X85: =+IF(SUMIFS(Data_Long_Form!$D:$D,Data_Long_Form!$C:$C,Data_Pivot_Table!$V85,Data_Long_Form!$A:$A,Data_Pivot_Table!X$4)=0,"",SUMIFS(Data_Long_Form!$D:$D,Data_Long_Form!$C:$C,Data_Pivot_Table!$V85,Data_Long_Form!$A:$A,Data_Pivot_Table!X$4)) -> 367.41682 | Y85: =+IF(SUMIFS(Data_Long_Form!$D:$D,Data_Long_Form!$C:$C,Data_Pivot_Table!$V85,Data_Long_Form!$A:$A,Data_Pivot_Table!Y$4)=0,"",SUMIFS(Data_Long_Form!$D:$D,Data_Long_Form!$C:$C,Data_Pivot_Table!$V85,Data_Long_Form!$A:$A,Data_Pivot_Table!Y$4)) | Z85: =+IF(SUMIFS(Data_Long_Form!$D:$D,Data_Long_Form!$C:$C,Data_Pivot_Table!$V85,Data_Long_Form!$A:$A,Data_Pivot_Table!Z$4)=0,"",SUMIFS(Data_Long_Form!$D:$D,Data_Long_Form!$C:$C,Data_Pivot_Table!$V85,Data_Long_Form!$A:$A,Data_Pivot_Table!Z$4)) | AA85: =+IF(SUMIFS(Data_Long_Form!$D:$D,Data_Long_Form!$C:$C,Data_Pivot_Table!$V85,Data_Long_Form!$A:$A,Data_Pivot_Table!AA$4)=0,"",SUMIFS(Data_Long_Form!$D:$D,Data_Long_Form!$C:$C,Data_Pivot_Table!$V85,Data_Long_Form!$A:$A,Data_Pivot_Table!AA$4)) -> 345.76373 | AB85: =+IF(SUMIFS(Data_Long_Form!$D:$D,Data_Long_Form!$C:$C,Data_Pivot_Table!$V85,Data_Long_Form!$A:$A,Data_Pivot_Table!AB$4)=0,"",SUMIFS(Data_Long_Form!$D:$D,Data_Long_Form!$C:$C,Data_Pivot_Table!$V85,Data_Long_Form!$A:$A,Data_Pivot_Table!AB$4)) | AC85: =+IF(SUMIFS(Data_Long_Form!$D:$D,Data_Long_Form!$C:$C,Data_Pivot_Table!$V85,Data_Long_Form!$A:$A,Data_Pivot_Table!AC$4)=0,"",SUMIFS(Data_Long_Form!$D:$D,Data_Long_Form!$C:$C,Data_Pivot_Table!$V85,Data_Long_Form!$A:$A,Data_Pivot_Table!AC$4)) -> 434.63606
A86: 0.42425926 | C86: 1 | E86: 1 | F86: 1 | G86: 1 | I86: 4 | K86: 0.42425926 | L86: 1 | M86: 1 | P86: 1 | R86: 1 | S86: 4 | V86: 0.42425926 | W86: =+IF(SUMIFS(Data_Long_Form!$D:$D,Data_Long_Form!$C:$C,Data_Pivot_Table!$V86,Data_Long_Form!$A:$A,Data_Pivot_Table!W$4)=0,"",SUMIFS(Data_Long_Form!$D:$D,Data_Long_Form!$C:$C,Data_Pivot_Table!$V86,Data_Long_Form!$A:$A,Data_Pivot_Table!W$4)) -> 328.5616 | X86: =+IF(SUMIFS(Data_Long_Form!$D:$D,Data_Long_Form!$C:$C,Data_Pivot_Table!$V86,Data_Long_Form!$A:$A,Data_Pivot_Table!X$4)=0,"",SUMIFS(Data_Long_Form!$D:$D,Data_Long_Form!$C:$C,Data_Pivot_Table!$V86,Data_Long_Form!$A:$A,Data_Pivot_Table!X$4)) -> 371.10164 | Y86: =+IF(SUMIFS(Data_Long_Form!$D:$D,Data_Long_Form!$C:$C,Data_Pivot_Table!$V86,Data_Long_Form!$A:$A,Data_Pivot_Table!Y$4)=0,"",SUMIFS(Data_Long_Form!$D:$D,Data_Long_Form!$C:$C,Data_Pivot_Table!$V86,Data_Long_Form!$A:$A,Data_Pivot_Table!Y$4)) | Z86: =+IF(SUMIFS(Data_Long_Form!$D:$D,Data_Long_Form!$C:$C,Data_Pivot_Table!$V86,Data_Long_Form!$A:$A,Data_Pivot_Table!Z$4)=0,"",SUMIFS(Data_Long_Form!$D:$D,Data_Long_Form!$C:$C,Data_Pivot_Table!$V86,Data_Long_Form!$A:$A,Data_Pivot_Table!Z$4)) | AA86: =+IF(SUMIFS(Data_Long_Form!$D:$D,Data_Long_Form!$C:$C,Data_Pivot_Table!$V86,Data_Long_Form!$A:$A,Data_Pivot_Table!AA$4)=0,"",SUMIFS(Data_Long_Form!$D:$D,Data_Long_Form!$C:$C,Data_Pivot_Table!$V86,Data_Long_Form!$A:$A,Data_Pivot_Table!AA$4)) -> 379.83007 | AB86: =+IF(SUMIFS(Data_Long_Form!$D:$D,Data_Long_Form!$C:$C,Data_Pivot_Table!$V86,Data_Long_Form!$A:$A,Data_Pivot_Table!AB$4)=0,"",SUMIFS(Data_Long_Form!$D:$D,Data_Long_Form!$C:$C,Data_Pivot_Table!$V86,Data_Long_Form!$A:$A,Data_Pivot_Table!AB$4)) | AC86: =+IF(SUMIFS(Data_Long_Form!$D:$D,Data_Long_Form!$C:$C,Data_Pivot_Table!$V86,Data_Long_Form!$A:$A,Data_Pivot_Table!AC$4)=0,"",SUMIFS(Data_Long_Form!$D:$D,Data_Long_Form!$C:$C,Data_Pivot_Table!$V86,Data_Long_Form!$A:$A,Data_Pivot_Table!AC$4)) -> 444.58901
A87: 0.42427083 | C87: 1 | E87: 1 | F87: 1 | G87: 1 | I87: 4 | K87: 0.42427083 | L87: 1 | M87: 1 | P87: 1 | R87: 1 | S87: 4 | V87: 0.42427083 | W87: =+IF(SUMIFS(Data_Long_Form!$D:$D,Data_Long_Form!$C:$C,Data_Pivot_Table!$V87,Data_Long_Form!$A:$A,Data_Pivot_Table!W$4)=0,"",SUMIFS(Data_Long_Form!$D:$D,Data_Long_Form!$C:$C,Data_Pivot_Table!$V87,Data_Long_Form!$A:$A,Data_Pivot_Table!W$4)) -> 318.07618 | X87: =+IF(SUMIFS(Data_Long_Form!$D:$D,Data_Long_Form!$C:$C,Data_Pivot_Table!$V87,Data_Long_Form!$A:$A,Data_Pivot_Table!X$4)=0,"",SUMIFS(Data_Long_Form!$D:$D,Data_Long_Form!$C:$C,Data_Pivot_Table!$V87,Data_Long_Form!$A:$A,Data_Pivot_Table!X$4)) -> 370.82368 | Y87: =+IF(SUMIFS(Data_Long_Form!$D:$D,Data_Long_Form!$C:$C,Data_Pivot_Table!$V87,Data_Long_Form!$A:$A,Data_Pivot_Table!Y$4)=0,"",SUMIFS(Data_Long_Form!$D:$D,Data_Long_Form!$C:$C,Data_Pivot_Table!$V87,Data_Long_Form!$A:$A,Data_Pivot_Table!Y$4)) | Z87: =+IF(SUMIFS(Data_Long_Form!$D:$D,Data_Long_Form!$C:$C,Data_Pivot_Table!$V87,Data_Long_Form!$A:$A,Data_Pivot_Table!Z$4)=0,"",SUMIFS(Data_Long_Form!$D:$D,Data_Long_Form!$C:$C,Data_Pivot_Table!$V87,Data_Long_Form!$A:$A,Data_Pivot_Table!Z$4)) | AA87: =+IF(SUMIFS(Data_Long_Form!$D:$D,Data_Long_Form!$C:$C,Data_Pivot_Table!$V87,Data_Long_Form!$A:$A,Data_Pivot_Table!AA$4)=0,"",SUMIFS(Data_Long_Form!$D:$D,Data_Long_Form!$C:$C,Data_Pivot_Table!$V87,Data_Long_Form!$A:$A,Data_Pivot_Table!AA$4)) -> 402.06497 | AB87: =+IF(SUMIFS(Data_Long_Form!$D:$D,Data_Long_Form!$C:$C,Data_Pivot_Table!$V87,Data_Long_Form!$A:$A,Data_Pivot_Table!AB$4)=0,"",SUMIFS(Data_Long_Form!$D:$D,Data_Long_Form!$C:$C,Data_Pivot_Table!$V87,Data_Long_Form!$A:$A,Data_Pivot_Table!AB$4)) | AC87: =+IF(SUMIFS(Data_Long_Form!$D:$D,Data_Long_Form!$C:$C,Data_Pivot_Table!$V87,Data_Long_Form!$A:$A,Data_Pivot_Table!AC$4)=0,"",SUMIFS(Data_Long_Form!$D:$D,Data_Long_Form!$C:$C,Data_Pivot_Table!$V87,Data_Long_Form!$A:$A,Data_Pivot_Table!AC$4)) -> 450.72158
A88: 0.42428241 | C88: 1 | D88: 1 | E88: 1 | F88: 1 | G88: 1 | I88: 5 | K88: 0.42428241 | L88: 1 | M88: 1 | P88: 1 | Q88: 1 | R88: 1 | S88: 5 | V88: 0.42428241 | W88: =+IF(SUMIFS(Data_Long_Form!$D:$D,Data_Long_Form!$C:$C,Data_Pivot_Table!$V88,Data_Long_Form!$A:$A,Data_Pivot_Table!W$4)=0,"",SUMIFS(Data_Long_Form!$D:$D,Data_Long_Form!$C:$C,Data_Pivot_Table!$V88,Data_Long_Form!$A:$A,Data_Pivot_Table!W$4)) -> 305.22987 | X88: =+IF(SUMIFS(Data_Long_Form!$D:$D,Data_Long_Form!$C:$C,Data_Pivot_Table!$V88,Data_Long_Form!$A:$A,Data_Pivot_Table!X$4)=0,"",SUMIFS(Data_Long_Form!$D:$D,Data_Long_Form!$C:$C,Data_Pivot_Table!$V88,Data_Long_Form!$A:$A,Data_Pivot_Table!X$4)) -> 365.77318 | Y88: =+IF(SUMIFS(Data_Long_Form!$D:$D,Data_Long_Form!$C:$C,Data_Pivot_Table!$V88,Data_Long_Form!$A:$A,Data_Pivot_Table!Y$4)=0,"",SUMIFS(Data_Long_Form!$D:$D,Data_Long_Form!$C:$C,Data_Pivot_Table!$V88,Data_Long_Form!$A:$A,Data_Pivot_Table!Y$4)) | Z88: =+IF(SUMIFS(Data_Long_Form!$D:$D,Data_Long_Form!$C:$C,Data_Pivot_Table!$V88,Data_Long_Form!$A:$A,Data_Pivot_Table!Z$4)=0,"",SUMIFS(Data_Long_Form!$D:$D,Data_Long_Form!$C:$C,Data_Pivot_Table!$V88,Data_Long_Form!$A:$A,Data_Pivot_Table!Z$4)) | AA88: =+IF(SUMIFS(Data_Long_Form!$D:$D,Data_Long_Form!$C:$C,Data_Pivot_Table!$V88,Data_Long_Form!$A:$A,Data_Pivot_Table!AA$4)=0,"",SUMIFS(Data_Long_Form!$D:$D,Data_Long_Form!$C:$C,Data_Pivot_Table!$V88,Data_Long_Form!$A:$A,Data_Pivot_Table!AA$4)) -> 381.90279 | AB88: =+IF(SUMIFS(Data_Long_Form!$D:$D,Data_Long_Form!$C:$C,Data_Pivot_Table!$V88,Data_Long_Form!$A:$A,Data_Pivot_Table!AB$4)=0,"",SUMIFS(Data_Long_Form!$D:$D,Data_Long_Form!$C:$C,Data_Pivot_Table!$V88,Data_Long_Form!$A:$A,Data_Pivot_Table!AB$4)) -> 294.24305 | AC88: =+IF(SUMIFS(Data_Long_Form!$D:$D,Data_Long_Form!$C:$C,Data_Pivot_Table!$V88,Data_Long_Form!$A:$A,Data_Pivot_Table!AC$4)=0,"",SUMIFS(Data_Long_Form!$D:$D,Data_Long_Form!$C:$C,Data_Pivot_Table!$V88,Data_Long_Form!$A:$A,Data_Pivot_Table!AC$4)) -> 454.92773
A89: 0.42429398 | C89: 1 | D89: 1 | E89: 1 | F89: 1 | G89: 1 | I89: 5 | K89: 0.42429398 | L89: 1 | M89: 1 | P89: 1 | Q89: 1 | R89: 1 | S89: 5 | V89: 0.42429398 | W89: =+IF(SUMIFS(Data_Long_Form!$D:$D,Data_Long_Form!$C:$C,Data_Pivot_Table!$V89,Data_Long_Form!$A:$A,Data_Pivot_Table!W$4)=0,"",SUMIFS(Data_Long_Form!$D:$D,Data_Long_Form!$C:$C,Data_Pivot_Table!$V89,Data_Long_Form!$A:$A,Data_Pivot_Table!W$4)) -> 309.38147 | X89: =+IF(SUMIFS(Data_Long_Form!$D:$D,Data_Long_Form!$C:$C,Data_Pivot_Table!$V89,Data_Long_Form!$A:$A,Data_Pivot_Table!X$4)=0,"",SUMIFS(Data_Long_Form!$D:$D,Data_Long_Form!$C:$C,Data_Pivot_Table!$V89,Data_Long_Form!$A:$A,Data_Pivot_Table!X$4)) -> 353.31985 | Y89: =+IF(SUMIFS(Data_Long_Form!$D:$D,Data_Long_Form!$C:$C,Data_Pivot_Table!$V89,Data_Long_Form!$A:$A,Data_Pivot_Table!Y$4)=0,"",SUMIFS(Data_Long_Form!$D:$D,Data_Long_Form!$C:$C,Data_Pivot_Table!$V89,Data_Long_Form!$A:$A,Data_Pivot_Table!Y$4)) | Z89: =+IF(SUMIFS(Data_Long_Form!$D:$D,Data_Long_Form!$C:$C,Data_Pivot_Table!$V89,Data_Long_Form!$A:$A,Data_Pivot_Table!Z$4)=0,"",SUMIFS(Data_Long_Form!$D:$D,Data_Long_Form!$C:$C,Data_Pivot_Table!$V89,Data_Long_Form!$A:$A,Data_Pivot_Table!Z$4)) | AA89: =+IF(SUMIFS(Data_Long_Form!$D:$D,Data_Long_Form!$C:$C,Data_Pivot_Table!$V89,Data_Long_Form!$A:$A,Data_Pivot_Table!AA$4)=0,"",SUMIFS(Data_Long_Form!$D:$D,Data_Long_Form!$C:$C,Data_Pivot_Table!$V89,Data_Long_Form!$A:$A,Data_Pivot_Table!AA$4)) -> 399.03322 | AB89: =+IF(SUMIFS(Data_Long_Form!$D:$D,Data_Long_Form!$C:$C,Data_Pivot_Table!$V89,Data_Long_Form!$A:$A,Data_Pivot_Table!AB$4)=0,"",SUMIFS(Data_Long_Form!$D:$D,Data_Long_Form!$C:$C,Data_Pivot_Table!$V89,Data_Long_Form!$A:$A,Data_Pivot_Table!AB$4)) -> 312.16815 | AC89: =+IF(SUMIFS(Data_Long_Form!$D:$D,Data_Long_Form!$C:$C,Data_Pivot_Table!$V89,Data_Long_Form!$A:$A,Data_Pivot_Table!AC$4)=0,"",SUMIFS(Data_Long_Form!$D:$D,Data_Long_Form!$C:$C,Data_Pivot_Table!$V89,Data_Long_Form!$A:$A,Data_Pivot_Table!AC$4)) -> 457.14635
A90: 0.42430556 | C90: 1 | E90: 1 | G90: 1 | I90: 3 | K90: 0.42430556 | M90: 1 | P90: 1 | R90: 1 | S90: 3 | V90: 0.42430556 | W90: =+IF(SUMIFS(Data_Long_Form!$D:$D,Data_Long_Form!$C:$C,Data_Pivot_Table!$V90,Data_Long_Form!$A:$A,Data_Pivot_Table!W$4)=0,"",SUMIFS(Data_Long_Form!$D:$D,Data_Long_Form!$C:$C,Data_Pivot_Table!$V90,Data_Long_Form!$A:$A,Data_Pivot_Table!W$4)) | X90: =+IF(SUMIFS(Data_Long_Form!$D:$D,Data_Long_Form!$C:$C,Data_Pivot_Table!$V90,Data_Long_Form!$A:$A,Data_Pivot_Table!X$4)=0,"",SUMIFS(Data_Long_Form!$D:$D,Data_Long_Form!$C:$C,Data_Pivot_Table!$V90,Data_Long_Form!$A:$A,Data_Pivot_Table!X$4)) -> 354.08819 | Y90: =+IF(SUMIFS(Data_Long_Form!$D:$D,Data_Long_Form!$C:$C,Data_Pivot_Table!$V90,Data_Long_Form!$A:$A,Data_Pivot_Table!Y$4)=0,"",SUMIFS(Data_Long_Form!$D:$D,Data_Long_Form!$C:$C,Data_Pivot_Table!$V90,Data_Long_Form!$A:$A,Data_Pivot_Table!Y$4)) | Z90: =+IF(SUMIFS(Data_Long_Form!$D:$D,Data_Long_Form!$C:$C,Data_Pivot_Table!$V90,Data_Long_Form!$A:$A,Data_Pivot_Table!Z$4)=0,"",SUMIFS(Data_Long_Form!$D:$D,Data_Long_Form!$C:$C,Data_Pivot_Table!$V90,Data_Long_Form!$A:$A,Data_Pivot_Table!Z$4)) | AA90: =+IF(SUMIFS(Data_Long_Form!$D:$D,Data_Long_Form!$C:$C,Data_Pivot_Table!$V90,Data_Long_Form!$A:$A,Data_Pivot_Table!AA$4)=0,"",SUMIFS(Data_Long_Form!$D:$D,Data_Long_Form!$C:$C,Data_Pivot_Table!$V90,Data_Long_Form!$A:$A,Data_Pivot_Table!AA$4)) -> 397.34774 | AB90: =+IF(SUMIFS(Data_Long_Form!$D:$D,Data_Long_Form!$C:$C,Data_Pivot_Table!$V90,Data_Long_Form!$A:$A,Data_Pivot_Table!AB$4)=0,"",SUMIFS(Data_Long_Form!$D:$D,Data_Long_Form!$C:$C,Data_Pivot_Table!$V90,Data_Long_Form!$A:$A,Data_Pivot_Table!AB$4)) | AC90: =+IF(SUMIFS(Data_Long_Form!$D:$D,Data_Long_Form!$C:$C,Data_Pivot_Table!$V90,Data_Long_Form!$A:$A,Data_Pivot_Table!AC$4)=0,"",SUMIFS(Data_Long_Form!$D:$D,Data_Long_Form!$C:$C,Data_Pivot_Table!$V90,Data_Long_Form!$A:$A,Data_Pivot_Table!AC$4)) -> 457.04614
A91: 0.42431713 | C91: 1 | D91: 1 | E91: 1 | F91: 1 | G91: 1 | I91: 5 | K91: 0.42431713 | L91: 1 | M91: 1 | P91: 1 | Q91: 1 | R91: 1 | S91: 5 | V91: 0.42431713 | W91: =+IF(SUMIFS(Data_Long_Form!$D:$D,Data_Long_Form!$C:$C,Data_Pivot_Table!$V91,Data_Long_Form!$A:$A,Data_Pivot_Table!W$4)=0,"",SUMIFS(Data_Long_Form!$D:$D,Data_Long_Form!$C:$C,Data_Pivot_Table!$V91,Data_Long_Form!$A:$A,Data_Pivot_Table!W$4)) -> 362.82763 | X91: =+IF(SUMIFS(Data_Long_Form!$D:$D,Data_Long_Form!$C:$C,Data_Pivot_Table!$V91,Data_Long_Form!$A:$A,Data_Pivot_Table!X$4)=0,"",SUMIFS(Data_Long_Form!$D:$D,Data_Long_Form!$C:$C,Data_Pivot_Table!$V91,Data_Long_Form!$A:$A,Data_Pivot_Table!X$4)) -> 356.0105 | Y91: =+IF(SUMIFS(Data_Long_Form!$D:$D,Data_Long_Form!$C:$C,Data_Pivot_Table!$V91,Data_Long_Form!$A:$A,Data_Pivot_Table!Y$4)=0,"",SUMIFS(Data_Long_Form!$D:$D,Data_Long_Form!$C:$C,Data_Pivot_Table!$V91,Data_Long_Form!$A:$A,Data_Pivot_Table!Y$4)) | Z91: =+IF(SUMIFS(Data_Long_Form!$D:$D,Data_Long_Form!$C:$C,Data_Pivot_Table!$V91,Data_Long_Form!$A:$A,Data_Pivot_Table!Z$4)=0,"",SUMIFS(Data_Long_Form!$D:$D,Data_Long_Form!$C:$C,Data_Pivot_Table!$V91,Data_Long_Form!$A:$A,Data_Pivot_Table!Z$4)) | AA91: =+IF(SUMIFS(Data_Long_Form!$D:$D,Data_Long_Form!$C:$C,Data_Pivot_Table!$V91,Data_Long_Form!$A:$A,Data_Pivot_Table!AA$4)=0,"",SUMIFS(Data_Long_Form!$D:$D,Data_Long_Form!$C:$C,Data_Pivot_Table!$V91,Data_Long_Form!$A:$A,Data_Pivot_Table!AA$4)) -> 373.64611 | AB91: =+IF(SUMIFS(Data_Long_Form!$D:$D,Data_Long_Form!$C:$C,Data_Pivot_Table!$V91,Data_Long_Form!$A:$A,Data_Pivot_Table!AB$4)=0,"",SUMIFS(Data_Long_Form!$D:$D,Data_Long_Form!$C:$C,Data_Pivot_Table!$V91,Data_Long_Form!$A:$A,Data_Pivot_Table!AB$4)) -> 285.83448 | AC91: =+IF(SUMIFS(Data_Long_Form!$D:$D,Data_Long_Form!$C:$C,Data_Pivot_Table!$V91,Data_Long_Form!$A:$A,Data_Pivot_Table!AC$4)=0,"",SUMIFS(Data_Long_Form!$D:$D,Data_Long_Form!$C:$C,Data_Pivot_Table!$V91,Data_Long_Form!$A:$A,Data_Pivot_Table!AC$4)) -> 462.81418
A92: 0.4243287 | F92: 1 | G92: 1 | I92: 2 | K92: 0.4243287 | L92: 1 | M92: 1 | S92: 2 | V92: 0.4243287 | W92: =+IF(SUMIFS(Data_Long_Form!$D:$D,Data_Long_Form!$C:$C,Data_Pivot_Table!$V92,Data_Long_Form!$A:$A,Data_Pivot_Table!W$4)=0,"",SUMIFS(Data_Long_Form!$D:$D,Data_Long_Form!$C:$C,Data_Pivot_Table!$V92,Data_Long_Form!$A:$A,Data_Pivot_Table!W$4)) -> 385.16142 | X92: =+IF(SUMIFS(Data_Long_Form!$D:$D,Data_Long_Form!$C:$C,Data_Pivot_Table!$V92,Data_Long_Form!$A:$A,Data_Pivot_Table!X$4)=0,"",SUMIFS(Data_Long_Form!$D:$D,Data_Long_Form!$C:$C,Data_Pivot_Table!$V92,Data_Long_Form!$A:$A,Data_Pivot_Table!X$4)) -> 350.62723 | Y92: =+IF(SUMIFS(Data_Long_Form!$D:$D,Data_Long_Form!$C:$C,Data_Pivot_Table!$V92,Data_Long_Form!$A:$A,Data_Pivot_Table!Y$4)=0,"",SUMIFS(Data_Long_Form!$D:$D,Data_Long_Form!$C:$C,Data_Pivot_Table!$V92,Data_Long_Form!$A:$A,Data_Pivot_Table!Y$4)) | Z92: =+IF(SUMIFS(Data_Long_Form!$D:$D,Data_Long_Form!$C:$C,Data_Pivot_Table!$V92,Data_Long_Form!$A:$A,Data_Pivot_Table!Z$4)=0,"",SUMIFS(Data_Long_Form!$D:$D,Data_Long_Form!$C:$C,Data_Pivot_Table!$V92,Data_Long_Form!$A:$A,Data_Pivot_Table!Z$4)) | AA92: =+IF(SUMIFS(Data_Long_Form!$D:$D,Data_Long_Form!$C:$C,Data_Pivot_Table!$V92,Data_Long_Form!$A:$A,Data_Pivot_Table!AA$4)=0,"",SUMIFS(Data_Long_Form!$D:$D,Data_Long_Form!$C:$C,Data_Pivot_Table!$V92,Data_Long_Form!$A:$A,Data_Pivot_Table!AA$4)) | AB92: =+IF(SUMIFS(Data_Long_Form!$D:$D,Data_Long_Form!$C:$C,Data_Pivot_Table!$V92,Data_Long_Form!$A:$A,Data_Pivot_Table!AB$4)=0,"",SUMIFS(Data_Long_Form!$D:$D,Data_Long_Form!$C:$C,Data_Pivot_Table!$V92,Data_Long_Form!$A:$A,Data_Pivot_Table!AB$4)) | AC92: =+IF(SUMIFS(Data_Long_Form!$D:$D,Data_Long_Form!$C:$C,Data_Pivot_Table!$V92,Data_Long_Form!$A:$A,Data_Pivot_Table!AC$4)=0,"",SUMIFS(Data_Long_Form!$D:$D,Data_Long_Form!$C:$C,Data_Pivot_Table!$V92,Data_Long_Form!$A:$A,Data_Pivot_Table!AC$4))
A93: 0.42434028 | B93: 1 | D93: 1 | F93: 1 | G93: 1 | I93: 4 | K93: 0.42434028 | L93: 1 | M93: 1 | O93: 1 | Q93: 1 | S93: 4 | V93: 0.42434028 | W93: =+IF(SUMIFS(Data_Long_Form!$D:$D,Data_Long_Form!$C:$C,Data_Pivot_Table!$V93,Data_Long_Form!$A:$A,Data_Pivot_Table!W$4)=0,"",SUMIFS(Data_Long_Form!$D:$D,Data_Long_Form!$C:$C,Data_Pivot_Table!$V93,Data_Long_Form!$A:$A,Data_Pivot_Table!W$4)) -> 369.29812 | X93: =+IF(SUMIFS(Data_Long_Form!$D:$D,Data_Long_Form!$C:$C,Data_Pivot_Table!$V93,Data_Long_Form!$A:$A,Data_Pivot_Table!X$4)=0,"",SUMIFS(Data_Long_Form!$D:$D,Data_Long_Form!$C:$C,Data_Pivot_Table!$V93,Data_Long_Form!$A:$A,Data_Pivot_Table!X$4)) -> 339.97124 | Y93: =+IF(SUMIFS(Data_Long_Form!$D:$D,Data_Long_Form!$C:$C,Data_Pivot_Table!$V93,Data_Long_Form!$A:$A,Data_Pivot_Table!Y$4)=0,"",SUMIFS(Data_Long_Form!$D:$D,Data_Long_Form!$C:$C,Data_Pivot_Table!$V93,Data_Long_Form!$A:$A,Data_Pivot_Table!Y$4)) | Z93: =+IF(SUMIFS(Data_Long_Form!$D:$D,Data_Long_Form!$C:$C,Data_Pivot_Table!$V93,Data_Long_Form!$A:$A,Data_Pivot_Table!Z$4)=0,"",SUMIFS(Data_Long_Form!$D:$D,Data_Long_Form!$C:$C,Data_Pivot_Table!$V93,Data_Long_Form!$A:$A,Data_Pivot_Table!Z$4)) -> 324.96901 | AA93: =+IF(SUMIFS(Data_Long_Form!$D:$D,Data_Long_Form!$C:$C,Data_Pivot_Table!$V93,Data_Long_Form!$A:$A,Data_Pivot_Table!AA$4)=0,"",SUMIFS(Data_Long_Form!$D:$D,Data_Long_Form!$C:$C,Data_Pivot_Table!$V93,Data_Long_Form!$A:$A,Data_Pivot_Table!AA$4)) | AB93: =+IF(SUMIFS(Data_Long_Form!$D:$D,Data_Long_Form!$C:$C,Data_Pivot_Table!$V93,Data_Long_Form!$A:$A,Data_Pivot_Table!AB$4)=0,"",SUMIFS(Data_Long_Form!$D:$D,Data_Long_Form!$C:$C,Data_Pivot_Table!$V93,Data_Long_Form!$A:$A,Data_Pivot_Table!AB$4)) -> 337.90228 | AC93: =+IF(SUMIFS(Data_Long_Form!$D:$D,Data_Long_Form!$C:$C,Data_Pivot_Table!$V93,Data_Long_Form!$A:$A,Data_Pivot_Table!AC$4)=0,"",SUMIFS(Data_Long_Form!$D:$D,Data_Long_Form!$C:$C,Data_Pivot_Table!$V93,Data_Long_Form!$A:$A,Data_Pivot_Table!AC$4))
A94: 0.42435185 | B94: 1 | F94: 1 | G94: 1 | I94: 3 | K94: 0.42435185 | L94: 1 | M94: 1 | O94: 1 | S94: 3 | V94: 0.42435185 | W94: =+IF(SUMIFS(Data_Long_Form!$D:$D,Data_Long_Form!$C:$C,Data_Pivot_Table!$V94,Data_Long_Form!$A:$A,Data_Pivot_Table!W$4)=0,"",SUMIFS(Data_Long_Form!$D:$D,Data_Long_Form!$C:$C,Data_Pivot_Table!$V94,Data_Long_Form!$A:$A,Data_Pivot_Table!W$4)) -> 363.77627 | X94: =+IF(SUMIFS(Data_Long_Form!$D:$D,Data_Long_Form!$C:$C,Data_Pivot_Table!$V94,Data_Long_Form!$A:$A,Data_Pivot_Table!X$4)=0,"",SUMIFS(Data_Long_Form!$D:$D,Data_Long_Form!$C:$C,Data_Pivot_Table!$V94,Data_Long_Form!$A:$A,Data_Pivot_Table!X$4)) -> 332.32007 | Y94: =+IF(SUMIFS(Data_Long_Form!$D:$D,Data_Long_Form!$C:$C,Data_Pivot_Table!$V94,Data_Long_Form!$A:$A,Data_Pivot_Table!Y$4)=0,"",SUMIFS(Data_Long_Form!$D:$D,Data_Long_Form!$C:$C,Data_Pivot_Table!$V94,Data_Long_Form!$A:$A,Data_Pivot_Table!Y$4)) | Z94: =+IF(SUMIFS(Data_Long_Form!$D:$D,Data_Long_Form!$C:$C,Data_Pivot_Table!$V94,Data_Long_Form!$A:$A,Data_Pivot_Table!Z$4)=0,"",SUMIFS(Data_Long_Form!$D:$D,Data_Long_Form!$C:$C,Data_Pivot_Table!$V94,Data_Long_Form!$A:$A,Data_Pivot_Table!Z$4)) -> 326.80691 | AA94: =+IF(SUMIFS(Data_Long_Form!$D:$D,Data_Long_Form!$C:$C,Data_Pivot_Table!$V94,Data_Long_Form!$A:$A,Data_Pivot_Table!AA$4)=0,"",SUMIFS(Data_Long_Form!$D:$D,Data_Long_Form!$C:$C,Data_Pivot_Table!$V94,Data_Long_Form!$A:$A,Data_Pivot_Table!AA$4)) | AB94: =+IF(SUMIFS(Data_Long_Form!$D:$D,Data_Long_Form!$C:$C,Data_Pivot_Table!$V94,Data_Long_Form!$A:$A,Data_Pivot_Table!AB$4)=0,"",SUMIFS(Data_Long_Form!$D:$D,Data_Long_Form!$C:$C,Data_Pivot_Table!$V94,Data_Long_Form!$A:$A,Data_Pivot_Table!AB$4)) | AC94: =+IF(SUMIFS(Data_Long_Form!$D:$D,Data_Long_Form!$C:$C,Data_Pivot_Table!$V94,Data_Long_Form!$A:$A,Data_Pivot_Table!AC$4)=0,"",SUMIFS(Data_Long_Form!$D:$D,Data_Long_Form!$C:$C,Data_Pivot_Table!$V94,Data_Long_Form!$A:$A,Data_Pivot_Table!AC$4))
A95: 0.42436343 | G95: 1 | I95: 1 | K95: 0.42436343 | M95: 1 | S95: 1 | V95: 0.42436343 | W95: =+IF(SUMIFS(Data_Long_Form!$D:$D,Data_Long_Form!$C:$C,Data_Pivot_Table!$V95,Data_Long_Form!$A:$A,Data_Pivot_Table!W$4)=0,"",SUMIFS(Data_Long_Form!$D:$D,Data_Long_Form!$C:$C,Data_Pivot_Table!$V95,Data_Long_Form!$A:$A,Data_Pivot_Table!W$4)) | X95: =+IF(SUMIFS(Data_Long_Form!$D:$D,Data_Long_Form!$C:$C,Data_Pivot_Table!$V95,Data_Long_Form!$A:$A,Data_Pivot_Table!X$4)=0,"",SUMIFS(Data_Long_Form!$D:$D,Data_Long_Form!$C:$C,Data_Pivot_Table!$V95,Data_Long_Form!$A:$A,Data_Pivot_Table!X$4)) -> 363.20471 | Y95: =+IF(SUMIFS(Data_Long_Form!$D:$D,Data_Long_Form!$C:$C,Data_Pivot_Table!$V95,Data_Long_Form!$A:$A,Data_Pivot_Table!Y$4)=0,"",SUMIFS(Data_Long_Form!$D:$D,Data_Long_Form!$C:$C,Data_Pivot_Table!$V95,Data_Long_Form!$A:$A,Data_Pivot_Table!Y$4)) | Z95: =+IF(SUMIFS(Data_Long_Form!$D:$D,Data_Long_Form!$C:$C,Data_Pivot_Table!$V95,Data_Long_Form!$A:$A,Data_Pivot_Table!Z$4)=0,"",SUMIFS(Data_Long_Form!$D:$D,Data_Long_Form!$C:$C,Data_Pivot_Table!$V95,Data_Long_Form!$A:$A,Data_Pivot_Table!Z$4)) | AA95: =+IF(SUMIFS(Data_Long_Form!$D:$D,Data_Long_Form!$C:$C,Data_Pivot_Table!$V95,Data_Long_Form!$A:$A,Data_Pivot_Table!AA$4)=0,"",SUMIFS(Data_Long_Form!$D:$D,Data_Long_Form!$C:$C,Data_Pivot_Table!$V95,Data_Long_Form!$A:$A,Data_Pivot_Table!AA$4)) | AB95: =+IF(SUMIFS(Data_Long_Form!$D:$D,Data_Long_Form!$C:$C,Data_Pivot_Table!$V95,Data_Long_Form!$A:$A,Data_Pivot_Table!AB$4)=0,"",SUMIFS(Data_Long_Form!$D:$D,Data_Long_Form!$C:$C,Data_Pivot_Table!$V95,Data_Long_Form!$A:$A,Data_Pivot_Table!AB$4)) | AC95: =+IF(SUMIFS(Data_Long_Form!$D:$D,Data_Long_Form!$C:$C,Data_Pivot_Table!$V95,Data_Long_Form!$A:$A,Data_Pivot_Table!AC$4)=0,"",SUMIFS(Data_Long_Form!$D:$D,Data_Long_Form!$C:$C,Data_Pivot_Table!$V95,Data_Long_Form!$A:$A,Data_Pivot_Table!AC$4))
A96: 0.42439815 | D96: 1 | I96: 1 | K96: 0.42439815 | Q96: 1 | S96: 1 | V96: 0.42439815 | W96: =+IF(SUMIFS(Data_Long_Form!$D:$D,Data_Long_Form!$C:$C,Data_Pivot_Table!$V96,Data_Long_Form!$A:$A,Data_Pivot_Table!W$4)=0,"",SUMIFS(Data_Long_Form!$D:$D,Data_Long_Form!$C:$C,Data_Pivot_Table!$V96,Data_Long_Form!$A:$A,Data_Pivot_Table!W$4)) | X96: =+IF(SUMIFS(Data_Long_Form!$D:$D,Data_Long_Form!$C:$C,Data_Pivot_Table!$V96,Data_Long_Form!$A:$A,Data_Pivot_Table!X$4)=0,"",SUMIFS(Data_Long_Form!$D:$D,Data_Long_Form!$C:$C,Data_Pivot_Table!$V96,Data_Long_Form!$A:$A,Data_Pivot_Table!X$4)) | Y96: =+IF(SUMIFS(Data_Long_Form!$D:$D,Data_Long_Form!$C:$C,Data_Pivot_Table!$V96,Data_Long_Form!$A:$A,Data_Pivot_Table!Y$4)=0,"",SUMIFS(Data_Long_Form!$D:$D,Data_Long_Form!$C:$C,Data_Pivot_Table!$V96,Data_Long_Form!$A:$A,Data_Pivot_Table!Y$4)) | Z96: =+IF(SUMIFS(Data_Long_Form!$D:$D,Data_Long_Form!$C:$C,Data_Pivot_Table!$V96,Data_Long_Form!$A:$A,Data_Pivot_Table!Z$4)=0,"",SUMIFS(Data_Long_Form!$D:$D,Data_Long_Form!$C:$C,Data_Pivot_Table!$V96,Data_Long_Form!$A:$A,Data_Pivot_Table!Z$4)) | AA96: =+IF(SUMIFS(Data_Long_Form!$D:$D,Data_Long_Form!$C:$C,Data_Pivot_Table!$V96,Data_Long_Form!$A:$A,Data_Pivot_Table!AA$4)=0,"",SUMIFS(Data_Long_Form!$D:$D,Data_Long_Form!$C:$C,Data_Pivot_Table!$V96,Data_Long_Form!$A:$A,Data_Pivot_Table!AA$4)) | AB96: =+IF(SUMIFS(Data_Long_Form!$D:$D,Data_Long_Form!$C:$C,Data_Pivot_Table!$V96,Data_Long_Form!$A:$A,Data_Pivot_Table!AB$4)=0,"",SUMIFS(Data_Long_Form!$D:$D,Data_Long_Form!$C:$C,Data_Pivot_Table!$V96,Data_Long_Form!$A:$A,Data_Pivot_Table!AB$4)) -> 415.21752 | AC96: =+IF(SUMIFS(Data_Long_Form!$D:$D,Data_Long_Form!$C:$C,Data_Pivot_Table!$V96,Data_Long_Form!$A:$A,Data_Pivot_Table!AC$4)=0,"",SUMIFS(Data_Long_Form!$D:$D,Data_Long_Form!$C:$C,Data_Pivot_Table!$V96,Data_Long_Form!$A:$A,Data_Pivot_Table!AC$4))
A97: 0.42440972 | G97: 1 | I97: 1 | K97: 0.42440972 | M97: 1 | S97: 1 | V97: 0.42440972 | W97: =+IF(SUMIFS(Data_Long_Form!$D:$D,Data_Long_Form!$C:$C,Data_Pivot_Table!$V97,Data_Long_Form!$A:$A,Data_Pivot_Table!W$4)=0,"",SUMIFS(Data_Long_Form!$D:$D,Data_Long_Form!$C:$C,Data_Pivot_Table!$V97,Data_Long_Form!$A:$A,Data_Pivot_Table!W$4)) | X97: =+IF(SUMIFS(Data_Long_Form!$D:$D,Data_Long_Form!$C:$C,Data_Pivot_Table!$V97,Data_Long_Form!$A:$A,Data_Pivot_Table!X$4)=0,"",SUMIFS(Data_Long_Form!$D:$D,Data_Long_Form!$C:$C,Data_Pivot_Table!$V97,Data_Long_Form!$A:$A,Data_Pivot_Table!X$4)) -> 394.69702 | Y97: =+IF(SUMIFS(Data_Long_Form!$D:$D,Data_Long_Form!$C:$C,Data_Pivot_Table!$V97,Data_Long_Form!$A:$A,Data_Pivot_Table!Y$4)=0,"",SUMIFS(Data_Long_Form!$D:$D,Data_Long_Form!$C:$C,Data_Pivot_Table!$V97,Data_Long_Form!$A:$A,Data_Pivot_Table!Y$4)) | Z97: =+IF(SUMIFS(Data_Long_Form!$D:$D,Data_Long_Form!$C:$C,Data_Pivot_Table!$V97,Data_Long_Form!$A:$A,Data_Pivot_Table!Z$4)=0,"",SUMIFS(Data_Long_Form!$D:$D,Data_Long_Form!$C:$C,Data_Pivot_Table!$V97,Data_Long_Form!$A:$A,Data_Pivot_Table!Z$4)) | AA97: =+IF(SUMIFS(Data_Long_Form!$D:$D,Data_Long_Form!$C:$C,Data_Pivot_Table!$V97,Data_Long_Form!$A:$A,Data_Pivot_Table!AA$4)=0,"",SUMIFS(Data_Long_Form!$D:$D,Data_Long_Form!$C:$C,Data_Pivot_Table!$V97,Data_Long_Form!$A:$A,Data_Pivot_Table!AA$4)) | AB97: =+IF(SUMIFS(Data_Long_Form!$D:$D,Data_Long_Form!$C:$C,Data_Pivot_Table!$V97,Data_Long_Form!$A:$A,Data_Pivot_Table!AB$4)=0,"",SUMIFS(Data_Long_Form!$D:$D,Data_Long_Form!$C:$C,Data_Pivot_Table!$V97,Data_Long_Form!$A:$A,Data_Pivot_Table!AB$4)) | AC97: =+IF(SUMIFS(Data_Long_Form!$D:$D,Data_Long_Form!$C:$C,Data_Pivot_Table!$V97,Data_Long_Form!$A:$A,Data_Pivot_Table!AC$4)=0,"",SUMIFS(Data_Long_Form!$D:$D,Data_Long_Form!$C:$C,Data_Pivot_Table!$V97,Data_Long_Form!$A:$A,Data_Pivot_Table!AC$4))
A98: 0.42443287 | F98: 1 | G98: 1 | I98: 2 | K98: 0.42443287 | L98: 1 | M98: 1 | S98: 2 | V98: 0.42443287 | W98: =+IF(SUMIFS(Data_Long_Form!$D:$D,Data_Long_Form!$C:$C,Data_Pivot_Table!$V98,Data_Long_Form!$A:$A,Data_Pivot_Table!W$4)=0,"",SUMIFS(Data_Long_Form!$D:$D,Data_Long_Form!$C:$C,Data_Pivot_Table!$V98,Data_Long_Form!$A:$A,Data_Pivot_Table!W$4)) -> 362.56281 | X98: =+IF(SUMIFS(Data_Long_Form!$D:$D,Data_Long_Form!$C:$C,Data_Pivot_Table!$V98,Data_Long_Form!$A:$A,Data_Pivot_Table!X$4)=0,"",SUMIFS(Data_Long_Form!$D:$D,Data_Long_Form!$C:$C,Data_Pivot_Table!$V98,Data_Long_Form!$A:$A,Data_Pivot_Table!X$4)) -> 379.89896 | Y98: =+IF(SUMIFS(Data_Long_Form!$D:$D,Data_Long_Form!$C:$C,Data_Pivot_Table!$V98,Data_Long_Form!$A:$A,Data_Pivot_Table!Y$4)=0,"",SUMIFS(Data_Long_Form!$D:$D,Data_Long_Form!$C:$C,Data_Pivot_Table!$V98,Data_Long_Form!$A:$A,Data_Pivot_Table!Y$4)) | Z98: =+IF(SUMIFS(Data_Long_Form!$D:$D,Data_Long_Form!$C:$C,Data_Pivot_Table!$V98,Data_Long_Form!$A:$A,Data_Pivot_Table!Z$4)=0,"",SUMIFS(Data_Long_Form!$D:$D,Data_Long_Form!$C:$C,Data_Pivot_Table!$V98,Data_Long_Form!$A:$A,Data_Pivot_Table!Z$4)) | AA98: =+IF(SUMIFS(Data_Long_Form!$D:$D,Data_Long_Form!$C:$C,Data_Pivot_Table!$V98,Data_Long_Form!$A:$A,Data_Pivot_Table!AA$4)=0,"",SUMIFS(Data_Long_Form!$D:$D,Data_Long_Form!$C:$C,Data_Pivot_Table!$V98,Data_Long_Form!$A:$A,Data_Pivot_Table!AA$4)) | AB98: =+IF(SUMIFS(Data_Long_Form!$D:$D,Data_Long_Form!$C:$C,Data_Pivot_Table!$V98,Data_Long_Form!$A:$A,Data_Pivot_Table!AB$4)=0,"",SUMIFS(Data_Long_Form!$D:$D,Data_Long_Form!$C:$C,Data_Pivot_Table!$V98,Data_Long_Form!$A:$A,Data_Pivot_Table!AB$4)) | AC98: =+IF(SUMIFS(Data_Long_Form!$D:$D,Data_Long_Form!$C:$C,Data_Pivot_Table!$V98,Data_Long_Form!$A:$A,Data_Pivot_Table!AC$4)=0,"",SUMIFS(Data_Long_Form!$D:$D,Data_Long_Form!$C:$C,Data_Pivot_Table!$V98,Data_Long_Form!$A:$A,Data_Pivot_Table!AC$4))
A99: 0.42444444 | F99: 1 | G99: 1 | I99: 2 | K99: 0.42444444 | L99: 1 | M99: 1 | S99: 2 | V99: 0.42444444 | W99: =+IF(SUMIFS(Data_Long_Form!$D:$D,Data_Long_Form!$C:$C,Data_Pivot_Table!$V99,Data_Long_Form!$A:$A,Data_Pivot_Table!W$4)=0,"",SUMIFS(Data_Long_Form!$D:$D,Data_Long_Form!$C:$C,Data_Pivot_Table!$V99,Data_Long_Form!$A:$A,Data_Pivot_Table!W$4)) -> 372.95267 | X99: =+IF(SUMIFS(Data_Long_Form!$D:$D,Data_Long_Form!$C:$C,Data_Pivot_Table!$V99,Data_Long_Form!$A:$A,Data_Pivot_Table!X$4)=0,"",SUMIFS(Data_Long_Form!$D:$D,Data_Long_Form!$C:$C,Data_Pivot_Table!$V99,Data_Long_Form!$A:$A,Data_Pivot_Table!X$4)) -> 370.37754 | Y99: =+IF(SUMIFS(Data_Long_Form!$D:$D,Data_Long_Form!$C:$C,Data_Pivot_Table!$V99,Data_Long_Form!$A:$A,Data_Pivot_Table!Y$4)=0,"",SUMIFS(Data_Long_Form!$D:$D,Data_Long_Form!$C:$C,Data_Pivot_Table!$V99,Data_Long_Form!$A:$A,Data_Pivot_Table!Y$4)) | Z99: =+IF(SUMIFS(Data_Long_Form!$D:$D,Data_Long_Form!$C:$C,Data_Pivot_Table!$V99,Data_Long_Form!$A:$A,Data_Pivot_Table!Z$4)=0,"",SUMIFS(Data_Long_Form!$D:$D,Data_Long_Form!$C:$C,Data_Pivot_Table!$V99,Data_Long_Form!$A:$A,Data_Pivot_Table!Z$4)) | AA99: =+IF(SUMIFS(Data_Long_Form!$D:$D,Data_Long_Form!$C:$C,Data_Pivot_Table!$V99,Data_Long_Form!$A:$A,Data_Pivot_Table!AA$4)=0,"",SUMIFS(Data_Long_Form!$D:$D,Data_Long_Form!$C:$C,Data_Pivot_Table!$V99,Data_Long_Form!$A:$A,Data_Pivot_Table!AA$4)) | AB99: =+IF(SUMIFS(Data_Long_Form!$D:$D,Data_Long_Form!$C:$C,Data_Pivot_Table!$V99,Data_Long_Form!$A:$A,Data_Pivot_Table!AB$4)=0,"",SUMIFS(Data_Long_Form!$D:$D,Data_Long_Form!$C:$C,Data_Pivot_Table!$V99,Data_Long_Form!$A:$A,Data_Pivot_Table!AB$4)) | AC99: =+IF(SUMIFS(Data_Long_Form!$D:$D,Data_Long_Form!$C:$C,Data_Pivot_Table!$V99,Data_Long_Form!$A:$A,Data_Pivot_Table!AC$4)=0,"",SUMIFS(Data_Long_Form!$D:$D,Data_Long_Form!$C:$C,Data_Pivot_Table!$V99,Data_Long_Form!$A:$A,Data_Pivot_Table!AC$4))
A100: 0.42445602 | F100: 1 | G100: 1 | I100: 2 | K100: 0.42445602 | L100: 1 | M100: 1 | S100: 2 | V100: 0.42445602 | W100: =+IF(SUMIFS(Data_Long_Form!$D:$D,Data_Long_Form!$C:$C,Data_Pivot_Table!$V100,Data_Long_Form!$A:$A,Data_Pivot_Table!W$4)=0,"",SUMIFS(Data_Long_Form!$D:$D,Data_Long_Form!$C:$C,Data_Pivot_Table!$V100,Data_Long_Form!$A:$A,Data_Pivot_Table!W$4)) -> 367.14851 | X100: =+IF(SUMIFS(Data_Long_Form!$D:$D,Data_Long_Form!$C:$C,Data_Pivot_Table!$V100,Data_Long_Form!$A:$A,Data_Pivot_Table!X$4)=0,"",SUMIFS(Data_Long_Form!$D:$D,Data_Long_Form!$C:$C,Data_Pivot_Table!$V100,Data_Long_Form!$A:$A,Data_Pivot_Table!X$4)) -> 361.78466 | Y100: =+IF(SUMIFS(Data_Long_Form!$D:$D,Data_Long_Form!$C:$C,Data_Pivot_Table!$V100,Data_Long_Form!$A:$A,Data_Pivot_Table!Y$4)=0,"",SUMIFS(Data_Long_Form!$D:$D,Data_Long_Form!$C:$C,Data_Pivot_Table!$V100,Data_Long_Form!$A:$A,Data_Pivot_Table!Y$4)) | Z100: =+IF(SUMIFS(Data_Long_Form!$D:$D,Data_Long_Form!$C:$C,Data_Pivot_Table!$V100,Data_Long_Form!$A:$A,Data_Pivot_Table!Z$4)=0,"",SUMIFS(Data_Long_Form!$D:$D,Data_Long_Form!$C:$C,Data_Pivot_Table!$V100,Data_Long_Form!$A:$A,Data_Pivot_Table!Z$4)) | AA100: =+IF(SUMIFS(Data_Long_Form!$D:$D,Data_Long_Form!$C:$C,Data_Pivot_Table!$V100,Data_Long_Form!$A:$A,Data_Pivot_Table!AA$4)=0,"",SUMIFS(Data_Long_Form!$D:$D,Data_Long_Form!$C:$C,Data_Pivot_Table!$V100,Data_Long_Form!$A:$A,Data_Pivot_Table!AA$4)) | AB100: =+IF(SUMIFS(Data_Long_Form!$D:$D,Data_Long_Form!$C:$C,Data_Pivot_Table!$V100,Data_Long_Form!$A:$A,Data_Pivot_Table!AB$4)=0,"",SUMIFS(Data_Long_Form!$D:$D,Data_Long_Form!$C:$C,Data_Pivot_Table!$V100,Data_Long_Form!$A:$A,Data_Pivot_Table!AB$4)) | AC100: =+IF(SUMIFS(Data_Long_Form!$D:$D,Data_Long_Form!$C:$C,Data_Pivot_Table!$V100,Data_Long_Form!$A:$A,Data_Pivot_Table!AC$4)=0,"",SUMIFS(Data_Long_Form!$D:$D,Data_Long_Form!$C:$C,Data_Pivot_Table!$V100,Data_Long_Form!$A:$A,Data_Pivot_Table!AC$4))
A101: 0.42446759 | B101: 1 | C101: 1 | F101: 1 | G101: 1 | I101: 4 | K101: 0.42446759 | L101: 1 | M101: 1 | O101: 1 | P101: 1 | S101: 4 | V101: 0.42446759 | W101: =+IF(SUMIFS(Data_Long_Form!$D:$D,Data_Long_Form!$C:$C,Data_Pivot_Table!$V101,Data_Long_Form!$A:$A,Data_Pivot_Table!W$4)=0,"",SUMIFS(Data_Long_Form!$D:$D,Data_Long_Form!$C:$C,Data_Pivot_Table!$V101,Data_Long_Form!$A:$A,Data_Pivot_Table!W$4)) -> 371.07778 | X101: =+IF(SUMIFS(Data_Long_Form!$D:$D,Data_Long_Form!$C:$C,Data_Pivot_Table!$V101,Data_Long_Form!$A:$A,Data_Pivot_Table!X$4)=0,"",SUMIFS(Data_Long_Form!$D:$D,Data_Long_Form!$C:$C,Data_Pivot_Table!$V101,Data_Long_Form!$A:$A,Data_Pivot_Table!X$4)) -> 349.63444 | Y101: =+IF(SUMIFS(Data_Long_Form!$D:$D,Data_Long_Form!$C:$C,Data_Pivot_Table!$V101,Data_Long_Form!$A:$A,Data_Pivot_Table!Y$4)=0,"",SUMIFS(Data_Long_Form!$D:$D,Data_Long_Form!$C:$C,Data_Pivot_Table!$V101,Data_Long_Form!$A:$A,Data_Pivot_Table!Y$4)) | Z101: =+IF(SUMIFS(Data_Long_Form!$D:$D,Data_Long_Form!$C:$C,Data_Pivot_Table!$V101,Data_Long_Form!$A:$A,Data_Pivot_Table!Z$4)=0,"",SUMIFS(Data_Long_Form!$D:$D,Data_Long_Form!$C:$C,Data_Pivot_Table!$V101,Data_Long_Form!$A:$A,Data_Pivot_Table!Z$4)) -> 323.11541 | AA101: =+IF(SUMIFS(Data_Long_Form!$D:$D,Data_Long_Form!$C:$C,Data_Pivot_Table!$V101,Data_Long_Form!$A:$A,Data_Pivot_Table!AA$4)=0,"",SUMIFS(Data_Long_Form!$D:$D,Data_Long_Form!$C:$C,Data_Pivot_Table!$V101,Data_Long_Form!$A:$A,Data_Pivot_Table!AA$4)) -> 245.88096 | AB101: =+IF(SUMIFS(Data_Long_Form!$D:$D,Data_Long_Form!$C:$C,Data_Pivot_Table!$V101,Data_Long_Form!$A:$A,Data_Pivot_Table!AB$4)=0,"",SUMIFS(Data_Long_Form!$D:$D,Data_Long_Form!$C:$C,Data_Pivot_Table!$V101,Data_Long_Form!$A:$A,Data_Pivot_Table!AB$4)) | AC101: =+IF(SUMIFS(Data_Long_Form!$D:$D,Data_Long_Form!$C:$C,Data_Pivot_Table!$V101,Data_Long_Form!$A:$A,Data_Pivot_Table!AC$4)=0,"",SUMIFS(Data_Long_Form!$D:$D,Data_Long_Form!$C:$C,Data_Pivot_Table!$V101,Data_Long_Form!$A:$A,Data_Pivot_Table!AC$4))
A102: 0.42559028 | G102: 1 | I102: 1 | K102: 0.42559028 | M102: 1 | S102: 1 | V102: 0.42559028 | W102: =+IF(SUMIFS(Data_Long_Form!$D:$D,Data_Long_Form!$C:$C,Data_Pivot_Table!$V102,Data_Long_Form!$A:$A,Data_Pivot_Table!W$4)=0,"",SUMIFS(Data_Long_Form!$D:$D,Data_Long_Form!$C:$C,Data_Pivot_Table!$V102,Data_Long_Form!$A:$A,Data_Pivot_Table!W$4)) | X102: =+IF(SUMIFS(Data_Long_Form!$D:$D,Data_Long_Form!$C:$C,Data_Pivot_Table!$V102,Data_Long_Form!$A:$A,Data_Pivot_Table!X$4)=0,"",SUMIFS(Data_Long_Form!$D:$D,Data_Long_Form!$C:$C,Data_Pivot_Table!$V102,Data_Long_Form!$A:$A,Data_Pivot_Table!X$4)) -> 297.19657 | Y102: =+IF(SUMIFS(Data_Long_Form!$D:$D,Data_Long_Form!$C:$C,Data_Pivot_Table!$V102,Data_Long_Form!$A:$A,Data_Pivot_Table!Y$4)=0,"",SUMIFS(Data_Long_Form!$D:$D,Data_Long_Form!$C:$C,Data_Pivot_Table!$V102,Data_Long_Form!$A:$A,Data_Pivot_Table!Y$4)) | Z102: =+IF(SUMIFS(Data_Long_Form!$D:$D,Data_Long_Form!$C:$C,Data_Pivot_Table!$V102,Data_Long_Form!$A:$A,Data_Pivot_Table!Z$4)=0,"",SUMIFS(Data_Long_Form!$D:$D,Data_Long_Form!$C:$C,Data_Pivot_Table!$V102,Data_Long_Form!$A:$A,Data_Pivot_Table!Z$4)) | AA102: =+IF(SUMIFS(Data_Long_Form!$D:$D,Data_Long_Form!$C:$C,Data_Pivot_Table!$V102,Data_Long_Form!$A:$A,Data_Pivot_Table!AA$4)=0,"",SUMIFS(Data_Long_Form!$D:$D,Data_Long_Form!$C:$C,Data_Pivot_Table!$V102,Data_Long_Form!$A:$A,Data_Pivot_Table!AA$4)) | AB102: =+IF(SUMIFS(Data_Long_Form!$D:$D,Data_Long_Form!$C:$C,Data_Pivot_Table!$V102,Data_Long_Form!$A:$A,Data_Pivot_Table!AB$4)=0,"",SUMIFS(Data_Long_Form!$D:$D,Data_Long_Form!$C:$C,Data_Pivot_Table!$V102,Data_Long_Form!$A:$A,Data_Pivot_Table!AB$4)) | AC102: =+IF(SUMIFS(Data_Long_Form!$D:$D,Data_Long_Form!$C:$C,Data_Pivot_Table!$V102,Data_Long_Form!$A:$A,Data_Pivot_Table!AC$4)=0,"",SUMIFS(Data_Long_Form!$D:$D,Data_Long_Form!$C:$C,Data_Pivot_Table!$V102,Data_Long_Form!$A:$A,Data_Pivot_Table!AC$4))
A103: 0.42560185 | C103: 1 | D103: 1 | G103: 1 | I103: 3 | K103: 0.42560185 | M103: 1 | P103: 1 | Q103: 1 | S103: 3 | V103: 0.42560185 | W103: =+IF(SUMIFS(Data_Long_Form!$D:$D,Data_Long_Form!$C:$C,Data_Pivot_Table!$V103,Data_Long_Form!$A:$A,Data_Pivot_Table!W$4)=0,"",SUMIFS(Data_Long_Form!$D:$D,Data_Long_Form!$C:$C,Data_Pivot_Table!$V103,Data_Long_Form!$A:$A,Data_Pivot_Table!W$4)) | X103: =+IF(SUMIFS(Data_Long_Form!$D:$D,Data_Long_Form!$C:$C,Data_Pivot_Table!$V103,Data_Long_Form!$A:$A,Data_Pivot_Table!X$4)=0,"",SUMIFS(Data_Long_Form!$D:$D,Data_Long_Form!$C:$C,Data_Pivot_Table!$V103,Data_Long_Form!$A:$A,Data_Pivot_Table!X$4)) -> 317.16019 | Y103: =+IF(SUMIFS(Data_Long_Form!$D:$D,Data_Long_Form!$C:$C,Data_Pivot_Table!$V103,Data_Long_Form!$A:$A,Data_Pivot_Table!Y$4)=0,"",SUMIFS(Data_Long_Form!$D:$D,Data_Long_Form!$C:$C,Data_Pivot_Table!$V103,Data_Long_Form!$A:$A,Data_Pivot_Table!Y$4)) | Z103: =+IF(SUMIFS(Data_Long_Form!$D:$D,Data_Long_Form!$C:$C,Data_Pivot_Table!$V103,Data_Long_Form!$A:$A,Data_Pivot_Table!Z$4)=0,"",SUMIFS(Data_Long_Form!$D:$D,Data_Long_Form!$C:$C,Data_Pivot_Table!$V103,Data_Long_Form!$A:$A,Data_Pivot_Table!Z$4)) | AA103: =+IF(SUMIFS(Data_Long_Form!$D:$D,Data_Long_Form!$C:$C,Data_Pivot_Table!$V103,Data_Long_Form!$A:$A,Data_Pivot_Table!AA$4)=0,"",SUMIFS(Data_Long_Form!$D:$D,Data_Long_Form!$C:$C,Data_Pivot_Table!$V103,Data_Long_Form!$A:$A,Data_Pivot_Table!AA$4)) -> 358.374 | AB103: =+IF(SUMIFS(Data_Long_Form!$D:$D,Data_Long_Form!$C:$C,Data_Pivot_Table!$V103,Data_Long_Form!$A:$A,Data_Pivot_Table!AB$4)=0,"",SUMIFS(Data_Long_Form!$D:$D,Data_Long_Form!$C:$C,Data_Pivot_Table!$V103,Data_Long_Form!$A:$A,Data_Pivot_Table!AB$4)) -> 446.03605 | AC103: =+IF(SUMIFS(Data_Long_Form!$D:$D,Data_Long_Form!$C:$C,Data_Pivot_Table!$V103,Data_Long_Form!$A:$A,Data_Pivot_Table!AC$4)=0,"",SUMIFS(Data_Long_Form!$D:$D,Data_Long_Form!$C:$C,Data_Pivot_Table!$V103,Data_Long_Form!$A:$A,Data_Pivot_Table!AC$4))
A104: 0.42561343 | G104: 1 | I104: 1 | K104: 0.42561343 | M104: 1 | S104: 1 | V104: 0.42561343 | W104: =+IF(SUMIFS(Data_Long_Form!$D:$D,Data_Long_Form!$C:$C,Data_Pivot_Table!$V104,Data_Long_Form!$A:$A,Data_Pivot_Table!W$4)=0,"",SUMIFS(Data_Long_Form!$D:$D,Data_Long_Form!$C:$C,Data_Pivot_Table!$V104,Data_Long_Form!$A:$A,Data_Pivot_Table!W$4)) | X104: =+IF(SUMIFS(Data_Long_Form!$D:$D,Data_Long_Form!$C:$C,Data_Pivot_Table!$V104,Data_Long_Form!$A:$A,Data_Pivot_Table!X$4)=0,"",SUMIFS(Data_Long_Form!$D:$D,Data_Long_Form!$C:$C,Data_Pivot_Table!$V104,Data_Long_Form!$A:$A,Data_Pivot_Table!X$4)) -> 318.57896 | Y104: =+IF(SUMIFS(Data_Long_Form!$D:$D,Data_Long_Form!$C:$C,Data_Pivot_Table!$V104,Data_Long_Form!$A:$A,Data_Pivot_Table!Y$4)=0,"",SUMIFS(Data_Long_Form!$D:$D,Data_Long_Form!$C:$C,Data_Pivot_Table!$V104,Data_Long_Form!$A:$A,Data_Pivot_Table!Y$4)) | Z104: =+IF(SUMIFS(Data_Long_Form!$D:$D,Data_Long_Form!$C:$C,Data_Pivot_Table!$V104,Data_Long_Form!$A:$A,Data_Pivot_Table!Z$4)=0,"",SUMIFS(Data_Long_Form!$D:$D,Data_Long_Form!$C:$C,Data_Pivot_Table!$V104,Data_Long_Form!$A:$A,Data_Pivot_Table!Z$4)) | AA104: =+IF(SUMIFS(Data_Long_Form!$D:$D,Data_Long_Form!$C:$C,Data_Pivot_Table!$V104,Data_Long_Form!$A:$A,Data_Pivot_Table!AA$4)=0,"",SUMIFS(Data_Long_Form!$D:$D,Data_Long_Form!$C:$C,Data_Pivot_Table!$V104,Data_Long_Form!$A:$A,Data_Pivot_Table!AA$4)) | AB104: =+IF(SUMIFS(Data_Long_Form!$D:$D,Data_Long_Form!$C:$C,Data_Pivot_Table!$V104,Data_Long_Form!$A:$A,Data_Pivot_Table!AB$4)=0,"",SUMIFS(Data_Long_Form!$D:$D,Data_Long_Form!$C:$C,Data_Pivot_Table!$V104,Data_Long_Form!$A:$A,Data_Pivot_Table!AB$4)) | AC104: =+IF(SUMIFS(Data_Long_Form!$D:$D,Data_Long_Form!$C:$C,Data_Pivot_Table!$V104,Data_Long_Form!$A:$A,Data_Pivot_Table!AC$4)=0,"",SUMIFS(Data_Long_Form!$D:$D,Data_Long_Form!$C:$C,Data_Pivot_Table!$V104,Data_Long_Form!$A:$A,Data_Pivot_Table!AC$4))
A105: 0.42565972 | C105: 1 | E105: 1 | F105: 1 | G105: 1 | I105: 4 | K105: 0.42565972 | L105: 1 | M105: 1 | P105: 1 | R105: 1 | S105: 4 | V105: 0.42565972 | W105: =+IF(SUMIFS(Data_Long_Form!$D:$D,Data_Long_Form!$C:$C,Data_Pivot_Table!$V105,Data_Long_Form!$A:$A,Data_Pivot_Table!W$4)=0,"",SUMIFS(Data_Long_Form!$D:$D,Data_Long_Form!$C:$C,Data_Pivot_Table!$V105,Data_Long_Form!$A:$A,Data_Pivot_Table!W$4)) -> 261.7634 | X105: =+IF(SUMIFS(Data_Long_Form!$D:$D,Data_Long_Form!$C:$C,Data_Pivot_Table!$V105,Data_Long_Form!$A:$A,Data_Pivot_Table!X$4)=0,"",SUMIFS(Data_Long_Form!$D:$D,Data_Long_Form!$C:$C,Data_Pivot_Table!$V105,Data_Long_Form!$A:$A,Data_Pivot_Table!X$4)) -> 258.6255 | Y105: =+IF(SUMIFS(Data_Long_Form!$D:$D,Data_Long_Form!$C:$C,Data_Pivot_Table!$V105,Data_Long_Form!$A:$A,Data_Pivot_Table!Y$4)=0,"",SUMIFS(Data_Long_Form!$D:$D,Data_Long_Form!$C:$C,Data_Pivot_Table!$V105,Data_Long_Form!$A:$A,Data_Pivot_Table!Y$4)) | Z105: =+IF(SUMIFS(Data_Long_Form!$D:$D,Data_Long_Form!$C:$C,Data_Pivot_Table!$V105,Data_Long_Form!$A:$A,Data_Pivot_Table!Z$4)=0,"",SUMIFS(Data_Long_Form!$D:$D,Data_Long_Form!$C:$C,Data_Pivot_Table!$V105,Data_Long_Form!$A:$A,Data_Pivot_Table!Z$4)) | AA105: =+IF(SUMIFS(Data_Long_Form!$D:$D,Data_Long_Form!$C:$C,Data_Pivot_Table!$V105,Data_Long_Form!$A:$A,Data_Pivot_Table!AA$4)=0,"",SUMIFS(Data_Long_Form!$D:$D,Data_Long_Form!$C:$C,Data_Pivot_Table!$V105,Data_Long_Form!$A:$A,Data_Pivot_Table!AA$4)) -> 316.26571 | AB105: =+IF(SUMIFS(Data_Long_Form!$D:$D,Data_Long_Form!$C:$C,Data_Pivot_Table!$V105,Data_Long_Form!$A:$A,Data_Pivot_Table!AB$4)=0,"",SUMIFS(Data_Long_Form!$D:$D,Data_Long_Form!$C:$C,Data_Pivot_Table!$V105,Data_Long_Form!$A:$A,Data_Pivot_Table!AB$4)) | AC105: =+IF(SUMIFS(Data_Long_Form!$D:$D,Data_Long_Form!$C:$C,Data_Pivot_Table!$V105,Data_Long_Form!$A:$A,Data_Pivot_Table!AC$4)=0,"",SUMIFS(Data_Long_Form!$D:$D,Data_Long_Form!$C:$C,Data_Pivot_Table!$V105,Data_Long_Form!$A:$A,Data_Pivot_Table!AC$4)) -> 369.57851
...
